Customer_ID,segment_rfm,segment_enriched,R_score,F_score,M_score,RFM_sum,R_days,F_orders,M_total_revenue,M_aov,B_churn_risk_flag,B_refund_rate,P_satisfaction,P_is_subscriber
CUST-001000,Loyal,Standard,3,4,4,11,53,27,4168.9,106.8948717948718,0,0.0512820512820512,6.0,0
CUST-001001,Churned,Churned,1,2,2,5,283,6,389.13,55.59,1,0.0,1.0,0
CUST-001002,New,New,4,1,1,6,19,0,166.44,83.22,0,0.5,6.0,0
CUST-001003,Budget,Budget,4,2,2,8,25,7,524.71,43.72583333333333,0,0.0,5.0,0
CUST-001004,Standard,Standard,4,3,3,10,29,13,1835.18,101.95444444444443,0,0.1111111111111111,5.0,1
CUST-001005,At-Risk,At-Risk,2,3,3,8,77,11,1472.99,113.30692307692308,0,0.0,7.0,0
CUST-001006,Premium,Premium,4,5,5,14,18,37,17799.3,349.0058823529412,0,0.1372549019607843,8.0,0
CUST-001007,Churned,Churned,1,2,2,5,99,5,602.15,86.02142857142857,0,0.1428571428571428,6.0,0
CUST-001008,Churned,Churned,1,2,2,5,89,9,532.16,40.93538461538461,0,0.0,8.0,1
CUST-001009,New,New,5,1,1,7,6,2,166.39,83.19500000000001,0,0.0,5.0,1
CUST-001010,At-Risk,At-Risk,2,5,5,12,72,83,35547.63,345.1226213592233,0,0.0776699029126213,9.0,0
CUST-001011,Churned,Churned,1,1,1,3,497,4,341.66,56.94333333333333,1,0.1666666666666666,2.0,1
CUST-001012,Standard,Standard,5,2,3,10,1,6,845.06,105.6325,0,0.0,3.0,0
CUST-001013,Loyal,Loyal,3,5,4,12,59,35,4710.21,104.67133333333334,0,0.0222222222222222,9.0,1
CUST-001014,Standard,Standard,3,3,3,9,57,15,2221.63,105.79190476190476,0,0.0476190476190476,6.0,1
CUST-001015,At-Risk,At-Risk,2,4,4,10,78,17,3004.55,120.182,0,0.08,5.0,0
CUST-001016,Standard,Standard,3,3,3,9,45,11,1968.9,109.38333333333333,0,0.1111111111111111,6.0,1
CUST-001017,Churned,Churned,1,2,2,5,88,10,525.5600000000001,43.796666666666674,0,0.0,5.0,0
CUST-001018,Premium,Premium,5,4,4,13,9,30,4807.82,117.26390243902438,0,0.073170731707317,6.0,0
CUST-001019,At-Risk,At-Risk,2,2,3,7,68,6,1195.62,108.69272727272728,0,0.1818181818181818,6.0,0
CUST-001020,Budget,Budget,3,3,2,8,40,13,649.51,49.96230769230769,0,0.0,8.0,1
CUST-001021,Loyal,Loyal,3,5,5,13,59,39,18753.22,340.9676363636364,0,0.1636363636363636,7.0,1
CUST-001022,At-Risk,At-Risk,2,5,5,12,74,34,5483.3,114.23541666666668,0,0.0625,5.0,0
CUST-001023,Standard,Standard,4,3,4,11,23,14,2358.05,107.18409090909093,0,0.1363636363636363,7.0,0
CUST-001024,Budget,Budget,3,1,1,5,35,3,171.93,42.9825,0,0.25,5.0,0
CUST-001025,New,New,5,1,1,7,4,1,198.29,99.145,0,0.0,5.0,0
CUST-001026,Standard,Standard,5,3,4,12,3,16,2392.43,108.74681818181816,0,0.0454545454545454,7.0,0
CUST-001027,Budget,Budget,2,1,1,4,65,3,198.48,49.62,0,0.25,8.0,1
CUST-001028,Standard,Standard,3,3,3,9,40,15,967.22,50.90631578947369,0,0.0,6.0,0
CUST-001029,At-Risk,At-Risk,2,5,5,12,70,67,30771.51,349.67625,0,0.0795454545454545,8.0,0
CUST-001030,Budget,Budget,5,2,1,8,11,5,299.9,42.84285714285714,0,0.1428571428571428,6.0,0
CUST-001031,Loyal,Standard,3,5,5,13,58,38,5419.54,110.60285714285716,0,0.0408163265306122,6.0,0
CUST-001032,At-Risk,Loyal,2,5,5,12,83,78,37487.84,350.3536448598131,0,0.102803738317757,9.0,1
CUST-001033,Churned,Churned,1,1,1,3,644,1,42.04,42.04,1,0.0,3.0,1
CUST-001034,Churned,Churned,1,1,1,3,451,1,56.65,56.65,0,0.0,1.0,0
CUST-001035,Churned,Churned,1,2,3,6,97,6,967.22,87.92909090909092,1,0.0909090909090909,6.0,0
CUST-001036,Loyal,Loyal,3,5,5,13,46,40,5532.97,112.9177551020408,0,0.0612244897959183,7.0,1
CUST-001037,Loyal,Loyal,3,5,5,13,58,37,16289.16,339.3575,0,0.0625,9.0,1
CUST-001038,New,New,4,1,1,6,15,1,85.55,85.55,0,0.0,5.0,0
CUST-001039,New,New,5,1,2,8,0,4,710.71,101.53,0,0.2857142857142857,5.0,0
CUST-001040,Loyal,Loyal,3,4,5,12,60,29,14744.66,378.06820512820514,0,0.0769230769230769,9.0,1
CUST-001041,Budget,Budget,2,1,1,4,65,3,245.83,49.166,0,0.0,7.0,0
CUST-001042,At-Risk,At-Risk,2,5,5,12,62,78,34337.35,330.1668269230769,0,0.0961538461538461,7.0,0
CUST-001043,Churned,Churned,1,2,3,6,167,9,1171.34,97.61166666666666,0,0.0833333333333333,4.0,0
CUST-001044,Standard,Standard,5,3,3,11,8,11,1320.21,101.5546153846154,0,0.0,9.0,0
CUST-001045,New,New,5,1,1,7,13,1,111.71,55.855,0,0.0,6.0,1
CUST-001046,Standard,Standard,3,3,3,9,46,16,2036.78,96.9895238095238,0,0.0,7.0,1
CUST-001047,Loyal,Standard,3,4,3,10,58,18,984.68,49.234,0,0.0,5.0,0
CUST-001048,Budget,Budget,2,2,1,5,84,5,272.21,38.887142857142855,0,0.0,8.0,0
CUST-001049,Standard,Standard,5,2,3,10,11,7,1208.15,120.815,0,0.2,6.0,0
CUST-001050,Churned,Churned,1,1,1,3,89,4,264.13,66.0325,0,0.0,2.0,0
CUST-001051,New,New,5,1,1,7,10,0,92.24,92.24,0,0.0,7.0,0
CUST-001052,Churned,Churned,1,3,2,6,492,11,711.58,54.73692307692308,1,0.1538461538461538,3.0,1
CUST-001053,Churned,Churned,1,4,4,9,111,19,2352.89,90.49576923076924,0,0.0769230769230769,6.0,0
CUST-001054,Budget,Budget,4,3,2,9,21,11,625.28,41.68533333333333,0,0.2,7.0,0
CUST-001055,Churned,Churned,1,1,1,3,189,3,141.49,47.16333333333333,1,0.0,4.0,0
CUST-001056,Loyal,Standard,3,5,5,13,60,62,28930.27,352.8081707317073,0,0.0609756097560975,9.0,0
CUST-001057,Premium,Premium,4,4,4,12,30,23,2685.68,107.4272,0,0.0,5.0,1
CUST-001058,Loyal,Standard,3,4,5,12,53,20,10149.26,362.47357142857146,0,0.1071428571428571,8.0,0
CUST-001059,Loyal,Standard,3,4,4,11,45,28,3993.52,105.09263157894736,0,0.1052631578947368,8.0,0
CUST-001060,Standard,Standard,5,3,3,11,14,14,1722.69,114.846,0,0.0666666666666666,5.0,0
CUST-001061,Premium,Champion,4,5,5,14,30,37,5358.17,111.62854166666666,0,0.0208333333333333,8.0,1
CUST-001062,Churned,Churned,1,4,4,9,94,20,2581.44,92.19428571428573,1,0.0,3.0,1
CUST-001063,Premium,Champion,4,5,4,13,26,31,4588.13,109.24119047619048,0,0.0476190476190476,6.0,0
CUST-001064,Standard,Standard,3,3,3,9,56,12,2034.78,119.69294117647058,0,0.0588235294117647,6.0,0
CUST-001065,Budget,Budget,4,2,2,8,18,5,375.33,46.91625,0,0.125,5.0,1
CUST-001066,Loyal,Loyal,3,5,5,13,54,86,40442.83,357.9011504424779,0,0.0619469026548672,10.0,1
CUST-001067,Churned,Churned,1,1,2,4,99,2,408.89,81.77799999999999,1,0.2,3.0,0
CUST-001068,Premium,Champion,4,5,5,14,32,73,32652.7,340.1322916666667,0,0.0729166666666666,10.0,1
CUST-001069,Churned,Churned,1,2,2,5,104,7,484.58,53.84222222222222,1,0.1111111111111111,4.0,0
CUST-001070,New,New,4,1,1,6,17,1,116.86,116.86,0,0.0,5.0,0
CUST-001071,Premium,Champion,4,4,4,12,21,21,2915.83,100.54586206896552,0,0.0689655172413793,6.0,0
CUST-001072,Loyal,Loyal,3,5,5,13,37,55,22728.69,329.40130434782606,0,0.0579710144927536,7.0,1
CUST-001073,Churned,Loyal,1,4,3,8,112,17,1690.76,93.93111111111112,0,0.0555555555555555,6.0,1
CUST-001074,New,New,5,1,1,7,4,4,298.76,74.69,0,0.0,8.0,1
CUST-001075,New,New,5,1,1,7,13,3,272.13,68.0325,0,0.25,9.0,0
CUST-001076,New,New,4,1,1,6,23,2,226.74,75.58,0,0.0,8.0,1
CUST-001077,Loyal,Standard,3,4,5,12,50,25,12415.78,344.8827777777778,0,0.0833333333333333,10.0,0
CUST-001078,At-Risk,At-Risk,2,3,4,9,71,13,2456.01,122.8005,0,0.05,7.0,0
CUST-001079,Loyal,Standard,3,4,5,12,37,25,10664.24,333.2575,0,0.15625,7.0,0
CUST-001080,Churned,Churned,1,4,4,9,146,22,3016.94,100.56466666666668,0,0.1333333333333333,5.0,0
CUST-001081,At-Risk,At-Risk,2,3,2,7,61,11,686.6800000000001,49.04857142857144,0,0.0714285714285714,6.0,0
CUST-001082,At-Risk,At-Risk,2,4,4,10,84,23,3020.34,111.86444444444444,0,0.0,9.0,0
CUST-001083,Premium,Champion,4,5,5,14,31,88,42227.63,354.8540336134454,0,0.0924369747899159,10.0,1
CUST-001084,Standard,Standard,4,2,3,9,29,10,1224.37,111.30636363636364,0,0.0909090909090909,5.0,0
CUST-001085,Loyal,Standard,3,5,4,12,47,33,4777.36,116.52097560975608,0,0.073170731707317,6.0,0
CUST-001086,New,New,5,1,1,7,14,1,102.27,51.135000000000005,0,0.0,8.0,0
CUST-001087,Budget,Budget,5,2,2,9,1,9,453.78,41.25272727272727,0,0.0,7.0,1
CUST-001088,Churned,Churned,1,2,3,6,132,9,1432.56,89.535,1,0.125,5.0,0
CUST-001089,Budget,Budget,2,2,2,6,64,8,502.4,50.24,0,0.0,6.0,1
CUST-001090,Loyal,Loyal,3,5,5,13,60,72,33914.75,353.2786458333333,0,0.0416666666666666,8.0,1
CUST-001091,New,New,4,1,1,6,17,0,56.98,56.98,0,1.0,8.0,0
CUST-001092,New,New,4,1,1,6,21,0,63.36,63.36,0,0.0,7.0,1
CUST-001093,At-Risk,At-Risk,2,3,3,8,62,14,841.56,46.75333333333333,0,0.1111111111111111,7.0,1
CUST-001094,New,New,5,1,1,7,14,2,251.02,83.67333333333333,0,0.3333333333333333,5.0,0
CUST-001095,At-Risk,At-Risk,2,3,3,8,83,14,821.77,48.33941176470588,0,0.1176470588235294,6.0,0
CUST-001096,Budget,Budget,2,2,2,6,68,9,519.38,43.281666666666666,0,0.0833333333333333,7.0,1
CUST-001097,Loyal,Loyal,3,4,4,11,38,21,2992.93,115.1126923076923,0,0.0769230769230769,5.0,1
CUST-001098,Loyal,Standard,3,4,5,12,42,28,12145.74,357.22764705882355,0,0.0294117647058823,9.0,0
CUST-001099,Premium,Premium,5,5,5,15,2,32,14916.11,363.80756097560976,0,0.0975609756097561,8.0,0
CUST-001100,Loyal,Standard,3,5,5,13,53,42,21655.39,349.2804838709677,0,0.1129032258064516,9.0,0
CUST-001101,Budget,Budget,4,3,2,9,22,13,657.68,43.84533333333333,0,0.0666666666666666,5.0,0
CUST-001102,At-Risk,Loyal,2,4,4,10,80,27,3753.84,110.4070588235294,0,0.088235294117647,9.0,1
CUST-001103,Budget,Budget,2,2,2,6,86,7,394.82,49.3525,0,0.0,7.0,1
CUST-001104,Churned,Churned,1,4,4,9,121,17,2606.33,100.24346153846152,1,0.0769230769230769,3.0,0
CUST-001105,Premium,Champion,5,4,4,13,9,28,4263.47,109.3197435897436,0,0.0769230769230769,8.0,1
CUST-001106,Premium,Champion,5,5,4,14,5,34,4596.28,112.10439024390244,0,0.048780487804878,5.0,0
CUST-001107,New,New,4,1,1,6,16,1,59.58,59.58,0,0.0,7.0,1
CUST-001108,Standard,Standard,5,2,3,10,4,9,1201.25,120.125,0,0.0,6.0,0
CUST-001109,At-Risk,At-Risk,2,5,5,12,78,103,44691.66,349.15359375,0,0.046875,9.0,0
CUST-001110,At-Risk,At-Risk,2,4,4,10,62,29,4360.79,109.01975,0,0.075,8.0,0
CUST-001111,Loyal,Standard,3,4,4,11,49,22,2833.14,101.18357142857144,0,0.0357142857142857,9.0,0
CUST-001112,Churned,Churned,1,3,2,6,326,11,745.75,57.36538461538461,0,0.0,3.0,0
CUST-001113,Churned,Churned,1,4,4,9,92,18,2276.77,91.0708,0,0.16,6.0,0
CUST-001114,Budget,Budget,3,1,1,5,55,4,191.67,38.334,0,0.2,7.0,0
CUST-001115,Churned,Churned,1,3,3,7,138,11,1808.6,95.18947368421053,0,0.1578947368421052,3.0,0
CUST-001116,Churned,Churned,1,2,3,6,164,8,844.49,93.83222222222224,0,0.1111111111111111,3.0,0
CUST-001117,At-Risk,Loyal,2,4,4,10,63,23,4439.99,116.84184210526315,0,0.1578947368421052,6.0,1
CUST-001118,Churned,Churned,1,4,4,9,147,22,2513.78,83.79266666666668,1,0.1,6.0,0
CUST-001119,New,New,4,1,1,6,15,2,162.43,54.14333333333334,0,0.0,8.0,0
CUST-001120,Standard,Standard,3,2,3,8,50,10,1272.64,106.05333333333334,0,0.1666666666666666,6.0,0
CUST-001121,Churned,Churned,1,2,2,5,109,6,649.43,92.77571428571429,0,0.0,3.0,0
CUST-001122,Standard,Standard,3,2,3,8,58,9,1066.58,106.658,0,0.0,9.0,1
CUST-001123,Loyal,Loyal,3,5,5,13,49,108,52037.76,346.9184,0,0.1,10.0,1
CUST-001124,Premium,Champion,5,4,4,13,10,28,4010.77,105.54657894736842,0,0.2105263157894736,8.0,0
CUST-001125,Standard,Standard,5,2,3,10,4,10,1427.46,109.8046153846154,0,0.0769230769230769,5.0,0
CUST-001126,Churned,Churned,1,2,3,6,91,7,857.81,95.31222222222222,0,0.0,6.0,1
CUST-001127,Churned,Churned,1,4,4,9,171,17,2358.86,90.72538461538464,0,0.0769230769230769,4.0,0
CUST-001128,Premium,Champion,4,5,5,14,20,93,47675.75,358.4642857142857,0,0.112781954887218,10.0,1
CUST-001129,Budget,Budget,3,2,2,7,37,9,778.48,45.79294117647059,0,0.3529411764705882,8.0,0
CUST-001130,At-Risk,At-Risk,2,2,3,7,74,8,1528.51,127.37583333333332,0,0.0833333333333333,6.0,1
CUST-001131,Standard,Standard,3,2,3,8,55,8,1068.64,97.14909090909092,0,0.0909090909090909,5.0,1
CUST-001132,At-Risk,At-Risk,2,5,5,12,80,92,45688.67,362.60849206349206,0,0.0714285714285714,10.0,0
CUST-001133,Loyal,Standard,3,5,5,13,49,38,5508.96,114.77,0,0.125,7.0,0
CUST-001134,Churned,Churned,1,3,3,7,209,10,872.33,67.10230769230769,0,0.0,1.0,0
CUST-001135,Loyal,Loyal,3,5,5,13,37,31,5203.98,110.72297872340424,0,0.0425531914893617,5.0,1
CUST-001136,At-Risk,At-Risk,2,3,2,7,70,10,559.86,43.066153846153846,0,0.0769230769230769,8.0,0
CUST-001137,New,New,5,1,1,7,7,3,178.11,59.370000000000005,0,0.0,5.0,1
CUST-001138,Premium,Champion,5,5,5,15,10,38,5369.61,111.866875,0,0.0625,5.0,0
CUST-001139,Churned,Churned,1,1,1,3,232,4,253.31,63.3275,1,0.0,1.0,1
CUST-001140,Churned,Churned,1,2,2,5,627,7,783.58,60.27538461538462,0,0.2307692307692307,5.0,0
CUST-001141,Premium,Champion,4,4,4,12,30,24,3818.33,112.30382352941176,0,0.1176470588235294,8.0,1
CUST-001142,Budget,Budget,4,2,2,8,24,6,435.06,54.3825,0,0.125,7.0,0
CUST-001143,At-Risk,At-Risk,2,4,4,10,82,25,3692.12,108.59176470588235,0,0.088235294117647,9.0,0
CUST-001144,At-Risk,At-Risk,2,4,4,10,68,21,2999.84,115.37846153846156,0,0.0769230769230769,8.0,0
CUST-001145,Premium,Champion,4,5,5,14,21,76,34748.89,354.58051020408163,0,0.1020408163265306,8.0,1
CUST-001146,Budget,Budget,3,2,1,6,53,5,311.37,44.48142857142857,0,0.1428571428571428,7.0,0
CUST-001147,Churned,Churned,1,3,3,7,90,12,814.76,50.9225,1,0.125,5.0,0
CUST-001148,Premium,Champion,4,4,5,13,30,20,8602.25,318.60185185185185,0,0.1111111111111111,9.0,1
CUST-001149,Loyal,Standard,3,4,4,11,51,23,3769.5,104.70833333333331,0,0.2222222222222222,9.0,0
CUST-001150,Churned,Churned,1,2,3,6,99,6,805.36,89.48444444444445,1,0.2222222222222222,3.0,0
CUST-001151,Premium,Champion,5,5,5,15,6,39,5028.11,106.98106382978725,0,0.0851063829787234,7.0,1
CUST-001152,Premium,Premium,4,4,5,13,21,28,13141.79,345.8365789473684,0,0.1052631578947368,8.0,0
CUST-001153,Budget,Budget,5,4,2,11,1,17,746.93,41.49611111111111,0,0.0,7.0,1
CUST-001154,Churned,Churned,1,2,2,5,252,5,566.74,56.674,1,0.2,5.0,1
CUST-001155,Loyal,Loyal,3,5,4,12,60,36,4953.84,110.08533333333334,0,0.0888888888888888,6.0,1
CUST-001156,New,New,5,1,1,7,7,3,345.55,86.3875,0,0.0,9.0,1
CUST-001157,New,New,4,1,2,7,15,4,447.58,89.516,0,0.0,8.0,0
CUST-001158,Standard,Standard,3,2,3,8,38,9,1209.74,109.97636363636364,0,0.0909090909090909,9.0,0
CUST-001159,New,New,4,1,1,6,24,1,70.46,70.46,0,0.0,6.0,0
CUST-001160,Premium,Champion,4,4,4,12,20,18,2600.97,113.08565217391303,0,0.0434782608695652,5.0,0
CUST-001161,Budget,Budget,2,2,1,5,61,6,349.59,49.94142857142857,0,0.0,7.0,0
CUST-001162,At-Risk,At-Risk,2,3,3,8,61,11,858.65,47.702777777777776,0,0.1111111111111111,7.0,0
CUST-001163,Budget,Budget,3,3,2,8,50,13,760.98,47.56125,0,0.0625,8.0,1
CUST-001164,At-Risk,At-Risk,2,5,5,12,87,89,42132.48,363.2110344827586,0,0.1120689655172413,10.0,0
CUST-001165,Churned,Churned,1,3,3,7,142,12,1740.45,91.60263157894737,1,0.1578947368421052,4.0,0
CUST-001166,Standard,Standard,4,3,3,10,23,16,1993.72,124.6075,0,0.0,8.0,0
CUST-001167,Premium,Champion,5,4,5,14,13,30,5223.67,118.71977272727273,0,0.1818181818181818,5.0,1
CUST-001168,Premium,Champion,4,4,5,13,17,24,13352.18,370.8938888888889,0,0.0833333333333333,7.0,0
CUST-001169,Budget,Budget,5,2,2,9,8,6,386.77,42.97444444444445,0,0.0,6.0,1
CUST-001170,New,New,5,1,1,7,4,2,150.42,75.21,0,0.0,8.0,1
CUST-001171,Premium,Champion,4,5,5,14,17,64,27277.61,336.76061728395064,0,0.0493827160493827,10.0,0
CUST-001172,Standard,Standard,3,3,3,9,51,15,857.52,45.13263157894737,0,0.1052631578947368,5.0,1
CUST-001173,Standard,Standard,5,3,3,11,8,12,1593.23,106.21533333333332,0,0.0666666666666666,8.0,0
CUST-001174,At-Risk,At-Risk,2,3,2,7,82,13,749.67,49.978,0,0.0,5.0,0
CUST-001175,At-Risk,Loyal,2,4,4,10,75,24,3872.26,113.89,0,0.088235294117647,6.0,1
CUST-001176,New,New,4,1,1,6,23,3,268.32,89.44,0,0.0,9.0,1
CUST-001177,Loyal,Standard,3,4,4,11,59,25,3801.35,102.7391891891892,0,0.1621621621621621,5.0,0
CUST-001178,Churned,Churned,1,1,1,3,284,3,204.66000000000005,51.165000000000006,1,0.25,4.0,1
CUST-001179,At-Risk,At-Risk,2,5,5,12,87,113,48779.59,338.7471527777778,0,0.1041666666666666,8.0,0
CUST-001180,Loyal,Standard,3,4,4,11,57,22,3795.84,115.02545454545456,0,0.0909090909090909,6.0,0
CUST-001181,Premium,Champion,5,5,5,15,14,32,14762.92,351.49809523809523,0,0.0714285714285714,7.0,0
CUST-001182,Churned,Churned,1,3,3,7,293,11,845.82,60.41571428571429,1,0.0714285714285714,1.0,0
CUST-001183,Churned,Churned,1,3,3,7,123,10,984.97,89.54272727272728,1,0.0,5.0,1
CUST-001184,Loyal,Loyal,3,5,4,12,60,34,4310.67,110.53,0,0.0512820512820512,7.0,1
CUST-001185,New,New,5,1,1,7,3,0,159.0,79.5,0,0.5,8.0,1
CUST-001186,Standard,Standard,5,3,3,11,10,15,2212.54,88.5016,0,0.04,5.0,0
CUST-001187,Standard,Standard,5,3,3,11,8,15,869.38,45.75684210526316,0,0.1052631578947368,6.0,0
CUST-001188,At-Risk,At-Risk,2,3,2,7,84,13,646.92,40.4325,0,0.0625,6.0,0
CUST-001189,At-Risk,At-Risk,2,5,5,12,75,34,5727.6900000000005,114.5538,0,0.16,8.0,0
CUST-001190,Premium,Champion,5,5,5,15,5,69,28576.33,332.2829069767442,0,0.0581395348837209,7.0,1
CUST-001191,Churned,Churned,1,4,4,9,105,17,2326.8,93.072,1,0.0,5.0,1
CUST-001192,Churned,Churned,1,4,4,9,155,19,2803.15,96.6603448275862,1,0.0344827586206896,4.0,0
CUST-001193,Budget,Budget,5,3,2,10,13,13,755.26,50.35066666666667,0,0.0666666666666666,6.0,0
CUST-001194,Standard,Standard,5,3,3,11,0,10,1393.03,107.15615384615384,0,0.0769230769230769,8.0,0
CUST-001195,Premium,Premium,5,4,4,13,14,20,2924.21,116.9684,0,0.04,6.0,0
CUST-001196,New,New,4,1,1,6,20,1,315.83,63.166,0,0.0,9.0,0
CUST-001197,Churned,Churned,1,2,2,5,117,6,612.06,87.43714285714285,1,0.1428571428571428,3.0,0
CUST-001198,Churned,Churned,1,2,3,6,131,9,1037.18,94.28909090909092,1,0.0909090909090909,5.0,1
CUST-001199,New,New,5,1,1,7,3,0,209.41,104.705,0,0.5,8.0,0
CUST-001200,New,New,5,1,1,7,1,4,186.01,46.5025,0,0.0,5.0,1
CUST-001201,Premium,Premium,5,5,5,15,7,96,45634.02,351.03092307692305,0,0.0923076923076923,9.0,1
CUST-001202,Standard,Standard,4,3,3,10,16,11,1616.13,107.742,0,0.0,9.0,1
CUST-001203,Churned,Churned,1,2,2,5,138,6,500.99,83.49833333333333,0,0.0,5.0,0
CUST-001204,Budget,Budget,3,3,2,8,37,13,592.21,39.48066666666667,0,0.0,8.0,0
CUST-001205,At-Risk,At-Risk,2,5,5,12,81,82,38316.54,361.4767924528302,0,0.0660377358490566,8.0,0
CUST-001206,Loyal,Loyal,3,4,5,12,43,20,13264.05,401.9409090909091,0,0.1212121212121212,9.0,1
CUST-001207,New,New,5,1,2,8,12,3,421.55,84.31,0,0.2,5.0,0
CUST-001208,Premium,Champion,4,5,5,14,18,88,39911.09,341.1204273504273,0,0.0854700854700854,8.0,1
CUST-001209,Standard,Standard,4,2,3,9,27,5,961.33,96.133,0,0.0,9.0,0
CUST-001210,New,New,5,1,1,7,4,2,126.98,42.32666666666666,0,0.3333333333333333,6.0,1
CUST-001211,New,New,4,1,1,6,28,2,157.32999999999998,78.66499999999999,0,0.0,9.0,1
CUST-001212,New,New,5,1,1,7,7,0,38.82,38.82,0,0.0,9.0,0
CUST-001213,At-Risk,At-Risk,2,2,3,7,85,8,1448.49,103.46357142857144,0,0.2857142857142857,9.0,1
CUST-001214,New,New,4,1,1,6,15,2,297.76,74.44,0,0.25,7.0,0
CUST-001215,Premium,Champion,4,4,4,12,23,26,4113.85,117.53857142857144,0,0.0285714285714285,6.0,0
CUST-001216,Premium,Champion,4,4,4,12,20,27,3847.84,120.245,0,0.0,7.0,0
CUST-001217,New,New,4,1,1,6,29,3,352.76,70.55199999999999,0,0.2,8.0,0
CUST-001218,Budget,Budget,3,1,1,5,48,2,111.59,37.196666666666665,0,0.0,5.0,1
CUST-001219,At-Risk,Loyal,2,4,4,10,81,19,2339.97,86.66555555555554,0,0.1111111111111111,5.0,1
CUST-001220,New,New,5,1,1,7,10,1,88.16,88.16,0,0.0,8.0,1
CUST-001221,Budget,Budget,5,3,2,10,5,10,778.81,45.81235294117647,0,0.2352941176470588,6.0,0
CUST-001222,Premium,Champion,4,5,5,14,19,103,46033.67,346.1178195488721,0,0.0676691729323308,8.0,0
CUST-001223,Standard,Standard,5,3,4,12,9,15,2233.01,111.6505,0,0.0,8.0,1
CUST-001224,At-Risk,At-Risk,2,4,4,10,70,18,2363.33,102.75347826086956,0,0.0434782608695652,7.0,0
CUST-001225,Churned,Churned,1,4,4,9,88,27,3639.5,107.04411764705884,0,0.0,9.0,0
CUST-001226,Churned,Churned,1,1,1,3,728,4,185.04,46.26,0,0.0,3.0,1
CUST-001227,Standard,Standard,5,3,3,11,4,12,1392.99,116.0825,0,0.0,7.0,1
CUST-001228,Standard,Standard,4,2,3,9,24,5,1102.45,100.22272727272728,0,0.1818181818181818,4.0,0
CUST-001229,Budget,Budget,5,3,2,10,11,10,611.75,50.97916666666666,0,0.0833333333333333,6.0,0
CUST-001230,New,New,4,1,2,7,29,3,386.93,77.386,0,0.2,8.0,0
CUST-001231,At-Risk,At-Risk,2,3,2,7,81,14,805.1,47.358823529411765,0,0.0588235294117647,5.0,1
CUST-001232,Budget,Budget,5,2,1,8,5,5,299.47,42.78142857142858,0,0.1428571428571428,7.0,0
CUST-001233,Budget,Budget,2,2,1,5,84,5,243.53,40.58833333333333,0,0.1666666666666666,8.0,1
CUST-001234,At-Risk,At-Risk,2,4,4,10,61,27,4414.46,113.19128205128206,0,0.0512820512820512,7.0,0
CUST-001235,New,New,4,1,1,6,28,0,58.54,58.54,0,1.0,5.0,0
CUST-001236,Premium,Champion,4,4,4,12,26,17,2264.5,98.45652173913044,0,0.1304347826086956,5.0,0
CUST-001237,At-Risk,At-Risk,2,5,5,12,67,50,22730.75,355.16796875,0,0.0625,9.0,0
CUST-001238,Budget,Budget,2,1,1,4,82,3,133.01,44.336666666666666,0,0.0,7.0,0
CUST-001239,Premium,Premium,4,4,4,12,34,30,4603.41,112.27829268292685,0,0.0975609756097561,8.0,0
CUST-001240,Churned,Churned,1,2,1,4,192,7,357.81,51.11571428571428,0,0.0,1.0,0
CUST-001241,Churned,Churned,1,2,3,6,568,9,821.85,68.4875,1,0.0,2.0,0
CUST-001242,Churned,Churned,1,3,4,8,114,16,2283.47,91.3388,0,0.12,4.0,1
CUST-001243,Premium,Champion,5,5,4,14,13,35,4447.35,108.4719512195122,0,0.048780487804878,9.0,0
CUST-001244,Premium,Premium,5,5,5,15,13,73,34541.5,363.5947368421053,0,0.0631578947368421,8.0,0
CUST-001245,Churned,Churned,1,1,1,3,553,3,285.68,71.42,1,0.0,4.0,1
CUST-001246,Churned,Churned,1,4,4,9,90,24,4456.51,108.69536585365854,0,0.1219512195121951,9.0,0
CUST-001247,Churned,Churned,1,2,3,6,198,8,845.99,65.07615384615384,1,0.0,4.0,0
CUST-001248,Churned,Churned,1,2,2,5,418,9,487.0,54.11111111111112,1,0.0,2.0,1
CUST-001249,Churned,Churned,1,3,3,7,178,16,2152.42,97.83727272727272,1,0.0909090909090909,4.0,0
CUST-001250,Premium,Premium,5,4,4,13,9,27,3915.09,97.87725,0,0.1,7.0,0
CUST-001251,At-Risk,At-Risk,2,3,4,9,71,15,3062.81,113.4374074074074,0,0.2222222222222222,7.0,0
CUST-001252,Churned,Churned,1,3,3,7,176,15,1748.68,92.03578947368422,0,0.0526315789473684,6.0,1
CUST-001253,At-Risk,At-Risk,2,4,4,10,65,17,2861.76,110.06769230769233,0,0.0769230769230769,5.0,0
CUST-001254,At-Risk,At-Risk,2,3,4,9,85,14,2281.56,114.078,0,0.05,7.0,0
CUST-001255,Budget,Budget,2,1,1,4,74,4,245.2,49.04,0,0.2,5.0,1
CUST-001256,Churned,Churned,1,3,3,7,423,11,875.11,67.31615384615385,0,0.0,1.0,1
CUST-001257,New,New,5,1,1,7,1,2,228.35,57.0875,0,0.25,7.0,0
CUST-001258,Budget,Budget,3,2,1,6,46,5,235.98,47.196,0,0.0,5.0,0
CUST-001259,At-Risk,Loyal,2,4,5,11,88,21,9666.88,371.8030769230769,0,0.0384615384615384,10.0,1
CUST-001260,At-Risk,At-Risk,2,3,3,8,63,16,824.04,41.202,0,0.0,6.0,0
CUST-001261,Churned,Churned,1,1,1,3,582,4,261.0,52.2,1,0.0,2.0,0
CUST-001262,Premium,Champion,4,4,5,13,29,28,13647.26,317.3781395348837,0,0.0465116279069767,10.0,0
CUST-001263,Budget,Budget,2,2,2,6,62,5,382.18,47.7725,0,0.25,8.0,1
CUST-001264,Churned,Churned,1,4,4,9,134,23,2787.7200000000003,92.924,1,0.0333333333333333,3.0,0
CUST-001265,New,New,5,1,1,7,2,1,91.74,91.74,0,0.0,7.0,1
CUST-001266,New,New,5,1,1,7,10,2,230.12,57.53,0,0.0,7.0,0
CUST-001267,New,New,4,1,1,6,24,1,188.01,62.67,0,0.0,7.0,1
CUST-001268,Standard,Standard,3,3,3,9,59,14,2108.39,100.3995238095238,0,0.1428571428571428,5.0,1
CUST-001269,At-Risk,At-Risk,2,3,3,8,65,13,2167.63,114.08578947368422,0,0.0526315789473684,6.0,0
CUST-001270,Churned,Churned,1,2,2,5,164,5,768.11,85.34555555555556,1,0.0,6.0,1
CUST-001271,Churned,Churned,1,2,3,6,99,7,901.17,100.13,1,0.1111111111111111,5.0,0
CUST-001272,Churned,Churned,1,3,4,8,161,16,2329.94,101.30173913043478,1,0.1739130434782608,3.0,0
CUST-001273,Churned,Churned,1,3,3,7,177,12,1162.96,77.53066666666668,0,0.0666666666666666,3.0,1
CUST-001274,Budget,Budget,2,2,2,6,87,9,618.93,51.57749999999999,0,0.1666666666666666,5.0,0
CUST-001275,At-Risk,At-Risk,2,3,2,7,83,10,646.84,40.4275,0,0.0625,8.0,0
CUST-001276,New,New,5,1,1,7,1,1,47.32,47.32,0,0.0,5.0,0
CUST-001277,Budget,Budget,3,2,1,6,57,6,261.41,37.34428571428572,0,0.0,8.0,1
CUST-001278,New,New,5,1,1,7,12,1,88.72,88.72,0,0.0,9.0,1
CUST-001279,New,New,4,1,1,6,17,1,60.44,60.44,0,0.0,8.0,0
CUST-001280,Churned,Churned,1,4,3,8,95,17,1936.81,92.22904761904762,0,0.0476190476190476,3.0,0
CUST-001281,Loyal,Standard,3,5,4,12,37,35,4914.25,109.20555555555556,0,0.0888888888888888,7.0,0
CUST-001282,Loyal,Standard,3,4,4,11,46,27,4171.17,106.95307692307692,0,0.0769230769230769,9.0,0
CUST-001283,Loyal,Standard,3,5,5,13,38,83,41366.34,362.86263157894734,0,0.1052631578947368,7.0,0
CUST-001284,Budget,Budget,4,2,2,8,17,8,373.87,46.73375,0,0.0,8.0,1
CUST-001285,Churned,Churned,1,5,5,11,90,48,22955.92,353.16799999999995,0,0.0923076923076923,9.0,0
CUST-001286,Budget,Budget,4,3,2,9,22,10,678.25,48.44642857142857,0,0.0714285714285714,5.0,1
CUST-001287,At-Risk,At-Risk,2,3,3,8,67,15,832.25,43.80263157894737,0,0.1052631578947368,8.0,1
CUST-001288,At-Risk,At-Risk,2,4,4,10,86,27,4318.29,113.6392105263158,0,0.1578947368421052,7.0,0
CUST-001289,Standard,Standard,3,3,3,9,58,15,833.72,43.88,0,0.0,8.0,0
CUST-001290,Premium,Champion,4,4,5,13,19,28,11629.45,323.0402777777778,0,0.1111111111111111,10.0,0
CUST-001291,Premium,Champion,4,4,5,13,17,21,8939.77,357.5908,0,0.04,8.0,1
CUST-001292,Churned,Churned,1,4,3,8,158,18,2142.69,93.1604347826087,1,0.0434782608695652,5.0,0
CUST-001293,Premium,Premium,4,5,4,13,20,32,4414.49,113.19205128205128,0,0.0256410256410256,6.0,1
CUST-001294,Loyal,Loyal,3,5,5,13,46,66,31590.09,347.14384615384614,0,0.0659340659340659,7.0,1
CUST-001295,New,New,5,1,1,7,6,4,155.5,38.875,0,0.0,8.0,0
CUST-001296,New,New,5,1,1,7,14,4,264.72,52.944,0,0.2,7.0,0
CUST-001297,Premium,Champion,4,4,4,12,19,19,2933.92,122.24666666666668,0,0.2083333333333333,7.0,1
CUST-001298,Budget,Budget,3,2,2,7,48,9,712.48,44.53,0,0.25,6.0,0
CUST-001299,Loyal,Loyal,3,5,5,13,50,105,49911.84,366.99882352941177,0,0.1029411764705882,9.0,1
CUST-001300,Loyal,Loyal,3,5,5,13,36,31,15962.25,380.0535714285714,0,0.0952380952380952,9.0,1
CUST-001301,Budget,Budget,3,2,1,6,40,5,307.87,38.48375,0,0.0,6.0,0
CUST-001302,Budget,Budget,3,2,2,7,51,6,479.85,47.985,0,0.0,6.0,0
CUST-001303,New,New,4,1,1,6,26,1,113.67,37.89,0,0.0,7.0,0
CUST-001304,New,New,5,1,1,7,14,2,141.55,70.775,0,0.0,8.0,0
CUST-001305,Churned,Churned,1,2,2,5,206,9,656.65,59.69545454545455,1,0.0909090909090909,2.0,1
CUST-001306,Budget,Budget,3,1,1,5,35,3,303.56,43.36571428571428,0,0.2857142857142857,7.0,0
CUST-001307,At-Risk,At-Risk,2,3,3,8,62,10,1892.3,118.26875,0,0.125,6.0,1
CUST-001308,New,New,5,1,1,7,4,2,177.31,59.10333333333333,0,0.3333333333333333,9.0,0
CUST-001309,At-Risk,At-Risk,2,3,3,8,71,13,1729.25,108.078125,0,0.125,6.0,1
CUST-001310,Premium,Champion,5,4,4,13,11,28,4255.6,118.21111111111112,0,0.0833333333333333,8.0,1
CUST-001311,At-Risk,Loyal,2,5,5,12,82,108,53081.93,356.2545637583893,0,0.1073825503355704,8.0,1
CUST-001312,Premium,Champion,5,4,5,14,11,27,12289.48,341.3744444444444,0,0.0833333333333333,7.0,1
CUST-001313,Churned,Churned,1,3,3,7,550,13,874.36,58.29066666666667,1,0.0,4.0,0
CUST-001314,Churned,Churned,1,1,2,4,109,4,524.13,87.355,0,0.1666666666666666,3.0,1
CUST-001315,New,New,4,1,2,7,20,3,367.38,91.845,0,0.0,7.0,1
CUST-001316,Premium,Premium,5,4,4,13,0,30,4861.68,108.03733333333334,0,0.1333333333333333,5.0,0
CUST-001317,Standard,Standard,3,2,3,8,59,8,1071.9,107.19,0,0.2,6.0,0
CUST-001318,Loyal,Standard,3,5,4,12,59,34,4470.47,109.0358536585366,0,0.048780487804878,9.0,0
CUST-001319,At-Risk,At-Risk,2,4,4,10,63,30,4121.55,108.46184210526316,0,0.0526315789473684,8.0,0
CUST-001320,Budget,Budget,4,2,2,8,35,8,450.13,45.013,0,0.0,7.0,0
CUST-001321,New,New,4,1,1,6,24,1,51.24,51.24,0,0.0,8.0,1
CUST-001322,New,New,4,1,1,6,24,4,297.5,74.375,0,0.0,9.0,0
CUST-001323,Standard,Standard,3,3,4,10,54,15,2614.36,124.49333333333334,0,0.0476190476190476,9.0,0
CUST-001324,Churned,Churned,1,1,1,3,207,3,142.01999999999998,47.34,1,0.0,3.0,0
CUST-001325,New,New,5,1,1,7,8,2,161.24,80.62,0,0.0,9.0,0
CUST-001326,Budget,Budget,3,1,1,5,50,2,178.82,59.60666666666666,0,0.0,5.0,0
CUST-001327,Budget,Budget,3,1,1,5,36,3,185.5,46.375,0,0.0,8.0,1
CUST-001328,Standard,Standard,4,3,3,10,22,10,1860.44,116.2775,0,0.25,8.0,0
CUST-001329,Loyal,Standard,3,4,4,11,57,25,3365.92,108.57806451612905,0,0.032258064516129,9.0,0
CUST-001330,Loyal,Loyal,3,4,4,11,49,25,3458.27,96.06305555555556,0,0.1111111111111111,6.0,1
CUST-001331,New,New,5,1,1,7,5,1,50.58,50.58,0,0.0,8.0,1
CUST-001332,At-Risk,Loyal,2,5,5,12,61,32,12649.45,341.87702702702705,0,0.054054054054054,9.0,1
CUST-001333,Premium,Champion,4,5,5,14,23,85,39723.4,333.81008403361346,0,0.0672268907563025,10.0,1
CUST-001334,At-Risk,Loyal,2,4,5,11,85,28,11896.33,360.4948484848485,0,0.0,10.0,1
CUST-001335,Churned,Loyal,1,5,5,11,90,48,18110.59,348.2805769230769,0,0.0384615384615384,9.0,1
CUST-001336,Churned,Churned,1,2,3,6,150,8,1005.62,100.562,1,0.1,3.0,1
CUST-001337,New,New,5,1,1,7,4,1,167.16,83.58,0,0.5,5.0,0
CUST-001338,Budget,Budget,2,2,2,6,67,8,449.63,44.963,0,0.1,5.0,0
CUST-001339,Premium,Champion,4,5,5,14,34,90,35469.83,337.80790476190475,0,0.0476190476190476,9.0,0
CUST-001340,Budget,Budget,3,2,2,7,56,7,504.87,50.487,0,0.2,6.0,0
CUST-001341,At-Risk,At-Risk,2,3,3,8,83,13,916.9,48.2578947368421,0,0.2105263157894736,8.0,1
CUST-001342,Standard,Standard,3,3,3,9,47,13,1648.44,109.896,0,0.0666666666666666,5.0,0
CUST-001343,Standard,Standard,5,3,3,11,12,14,2097.36,110.38736842105264,0,0.0,5.0,1
CUST-001344,Premium,Champion,4,4,4,12,18,27,4318.81,119.96694444444444,0,0.1111111111111111,9.0,0
CUST-001345,Budget,Budget,3,2,2,7,41,7,429.14,47.68222222222222,0,0.1111111111111111,5.0,1
CUST-001346,Budget,Budget,3,2,2,7,47,6,483.57,48.357,0,0.3,8.0,1
CUST-001347,Loyal,Standard,3,5,5,13,48,98,44635.13,351.45771653543306,0,0.1023622047244094,8.0,0
CUST-001348,Premium,Champion,5,5,4,14,4,34,4544.62,110.84439024390244,0,0.073170731707317,9.0,0
CUST-001349,Standard,Standard,4,3,3,10,22,14,831.66,46.20333333333333,0,0.0,7.0,0
CUST-001350,At-Risk,At-Risk,2,3,3,8,63,14,894.0400000000001,47.054736842105264,0,0.1052631578947368,5.0,0
CUST-001351,Churned,Churned,1,3,3,7,138,11,1145.89,88.1453846153846,0,0.0769230769230769,6.0,1
CUST-001352,New,New,4,1,1,6,29,3,355.3,88.825,0,0.0,6.0,1
CUST-001353,Premium,Champion,5,5,4,14,14,31,4305.37,102.50880952380952,0,0.0476190476190476,5.0,0
CUST-001354,At-Risk,Loyal,2,5,5,12,79,66,30435.22,345.85477272727275,0,0.0795454545454545,7.0,1
CUST-001355,Budget,Budget,3,2,1,6,39,7,335.55,47.93571428571429,0,0.0,6.0,0
CUST-001356,Loyal,Standard,3,5,5,13,49,32,14625.05,356.70853658536583,0,0.073170731707317,8.0,0
CUST-001357,Budget,Budget,3,2,1,6,51,5,346.46,49.49428571428571,0,0.2857142857142857,8.0,1
CUST-001358,Churned,Churned,1,3,3,7,256,13,922.43,65.88785714285714,1,0.0,3.0,1
CUST-001359,New,New,4,1,1,6,17,3,157.07999999999998,52.35999999999999,0,0.0,5.0,1
CUST-001360,At-Risk,At-Risk,2,4,4,10,84,27,4702.11,117.55275,0,0.1,6.0,0
CUST-001361,At-Risk,At-Risk,2,3,2,7,72,14,764.02,42.44555555555556,0,0.0,8.0,0
CUST-001362,New,New,4,1,1,6,30,4,225.65,45.13,0,0.0,5.0,0
CUST-001363,Budget,Budget,4,2,2,8,20,8,544.21,49.473636363636366,0,0.0909090909090909,5.0,1
CUST-001364,Churned,Churned,1,1,1,3,597,2,150.62,75.31,1,0.0,2.0,1
CUST-001365,At-Risk,At-Risk,2,4,5,11,63,29,5173.11,114.958,0,0.0888888888888888,5.0,0
CUST-001366,Churned,Churned,1,1,1,3,263,1,139.57999999999998,69.78999999999999,1,0.5,1.0,0
CUST-001367,Churned,Churned,1,3,3,7,104,12,1428.12,89.25750000000001,1,0.0,6.0,0
CUST-001368,Loyal,Loyal,3,4,4,11,57,22,2977.6,106.34285714285714,0,0.1428571428571428,9.0,1
CUST-001369,At-Risk,At-Risk,2,5,5,12,82,92,43443.42,339.40171875,0,0.1171875,7.0,0
CUST-001370,Premium,Champion,4,4,5,13,32,19,9146.57,351.79115384615386,0,0.0384615384615384,9.0,1
CUST-001371,At-Risk,At-Risk,2,5,5,12,84,70,34308.1,343.081,0,0.08,9.0,0
CUST-001372,At-Risk,At-Risk,2,5,5,12,72,110,48295.0,344.9642857142857,0,0.1071428571428571,8.0,0
CUST-001373,New,New,4,1,1,6,26,0,180.81,90.405,0,0.0,8.0,1
CUST-001374,Loyal,Standard,3,5,5,13,60,41,17970.32,315.26877192982454,0,0.1052631578947368,7.0,0
CUST-001375,At-Risk,At-Risk,2,4,4,10,70,19,3088.0,114.37037037037037,0,0.074074074074074,9.0,0
CUST-001376,Churned,Churned,1,2,3,6,109,9,1052.81,95.71,1,0.0,5.0,1
CUST-001377,Loyal,Standard,3,4,5,12,41,27,12563.22,330.61105263157896,0,0.1052631578947368,9.0,0
CUST-001378,Churned,Churned,1,3,3,7,107,15,1873.48,89.21333333333334,0,0.0476190476190476,3.0,0
CUST-001379,Loyal,Standard,3,4,4,11,49,30,4257.74,118.27055555555556,0,0.0833333333333333,7.0,0
CUST-001380,Premium,Champion,5,5,5,15,12,69,33840.46,345.3108163265306,0,0.1224489795918367,8.0,0
CUST-001381,New,New,5,1,2,8,11,4,367.99,73.598,0,0.0,7.0,0
CUST-001382,Budget,Budget,3,3,2,8,60,12,707.2,47.14666666666667,0,0.0666666666666666,6.0,1
CUST-001383,Churned,Churned,1,3,3,7,144,12,1953.95,102.83947368421052,0,0.1052631578947368,6.0,0
CUST-001384,New,New,4,1,1,6,22,1,71.46,71.46,0,0.0,6.0,1
CUST-001385,Churned,Churned,1,4,4,9,108,18,2240.02,93.33416666666666,0,0.125,6.0,0
CUST-001386,Premium,Champion,4,5,5,14,23,44,5440.68,111.03428571428572,0,0.0408163265306122,9.0,0
CUST-001387,Premium,Premium,4,4,4,12,35,22,3018.28,107.79571428571428,0,0.1071428571428571,8.0,0
CUST-001388,New,New,5,1,2,8,3,4,416.73,83.346,0,0.0,7.0,1
CUST-001389,Churned,Churned,1,2,2,5,152,5,647.36,92.48,1,0.1428571428571428,5.0,1
CUST-001390,Churned,Churned,1,1,1,3,647,3,190.88,63.626666666666665,1,0.0,1.0,0
CUST-001391,Standard,Standard,3,3,3,9,54,12,1781.65,118.77666666666669,0,0.0,6.0,1
CUST-001392,Standard,Standard,3,2,3,8,59,8,1161.38,105.57999999999998,0,0.0909090909090909,5.0,0
CUST-001393,New,New,4,1,1,6,19,0,107.35,107.35,0,0.0,6.0,1
CUST-001394,At-Risk,At-Risk,2,4,4,10,65,26,3777.22,104.92277777777775,0,0.1111111111111111,9.0,0
CUST-001395,Churned,Churned,1,2,2,5,370,7,754.7,75.47,0,0.0,2.0,0
CUST-001396,Churned,Churned,1,1,2,4,178,4,424.49,84.898,0,0.2,4.0,0
CUST-001397,At-Risk,At-Risk,2,3,3,8,65,14,2150.45,102.40238095238094,0,0.1428571428571428,7.0,1
CUST-001398,New,New,5,1,2,8,13,2,409.57,81.914,0,0.2,9.0,0
CUST-001399,New,New,4,1,1,6,22,2,227.49,75.83,0,0.3333333333333333,7.0,0
CUST-001400,At-Risk,At-Risk,2,5,5,12,79,63,30637.57,348.15420454545455,0,0.0795454545454545,9.0,0
CUST-001401,Churned,Churned,1,3,3,7,163,15,2020.37,91.835,0,0.0909090909090909,6.0,0
CUST-001402,Budget,Budget,3,3,2,8,36,14,773.01,40.68473684210526,0,0.1052631578947368,5.0,1
CUST-001403,Churned,Churned,1,3,3,7,129,16,1839.31,87.58619047619047,0,0.0952380952380952,3.0,1
CUST-001404,Standard,Standard,4,3,3,10,24,15,2021.99,112.33277777777778,0,0.1111111111111111,5.0,0
CUST-001405,Standard,Standard,3,3,3,9,41,10,1350.95,90.06333333333333,0,0.1333333333333333,6.0,0
CUST-001406,Loyal,Loyal,3,5,4,12,38,32,4663.74,113.74975609756098,0,0.1219512195121951,6.0,1
CUST-001407,Premium,Champion,4,4,5,13,22,24,10408.34,346.94466666666665,0,0.0666666666666666,7.0,1
CUST-001408,Churned,Loyal,1,4,4,9,138,23,2495.84,89.13714285714286,0,0.0714285714285714,4.0,1
CUST-001409,Loyal,Loyal,3,5,5,13,36,37,18731.85,353.4311320754717,0,0.1132075471698113,10.0,1
CUST-001410,New,New,4,1,3,8,27,4,1247.99,124.799,0,0.2,5.0,1
CUST-001411,Churned,Churned,1,2,3,6,287,9,1000.33,66.68866666666666,1,0.1333333333333333,4.0,0
CUST-001412,Churned,Churned,1,3,3,7,493,14,982.08,65.47200000000001,1,0.0,4.0,0
CUST-001413,Standard,Standard,3,3,3,9,38,16,912.52,45.626,0,0.0,7.0,0
CUST-001414,Budget,Budget,2,2,2,6,84,9,486.81,37.44692307692308,0,0.0,6.0,1
CUST-001415,Loyal,Standard,3,4,4,11,38,25,3667.24,118.29806451612905,0,0.064516129032258,7.0,0
CUST-001416,At-Risk,At-Risk,2,4,4,10,65,22,3595.73,102.73514285714286,0,0.1714285714285714,9.0,0
CUST-001417,Premium,Champion,4,4,4,12,24,17,2882.6,120.10833333333332,0,0.0416666666666666,6.0,0
CUST-001418,New,New,4,1,1,6,18,1,174.07,87.035,0,0.0,5.0,1
CUST-001419,New,New,4,1,2,7,15,4,396.24,79.248,0,0.2,6.0,1
CUST-001420,New,New,5,1,1,7,12,3,241.18,48.236,0,0.0,6.0,1
CUST-001421,New,New,5,1,2,8,1,4,365.91,73.182,0,0.2,8.0,0
CUST-001422,Loyal,Standard,3,5,5,13,53,44,19969.5,332.825,0,0.0666666666666666,7.0,0
CUST-001423,Churned,Churned,1,3,3,7,89,13,850.47,44.76157894736842,0,0.0526315789473684,7.0,0
CUST-001424,At-Risk,At-Risk,2,4,5,11,71,22,8815.93,339.0742307692308,0,0.0,8.0,0
CUST-001425,Budget,Budget,4,3,2,9,26,10,761.85,44.81470588235294,0,0.1176470588235294,5.0,0
CUST-001426,Standard,Standard,5,3,3,11,5,12,1460.11,112.31615384615384,0,0.0,9.0,0
CUST-001427,Churned,Churned,1,2,2,5,139,5,636.98,90.99714285714286,0,0.2857142857142857,4.0,1
CUST-001428,Loyal,Standard,3,4,4,11,40,17,2736.19,109.4476,0,0.12,7.0,0
CUST-001429,Premium,Premium,4,5,5,14,26,48,22660.39,359.6887301587301,0,0.0634920634920634,8.0,0
CUST-001430,Premium,Champion,5,5,5,15,5,93,46021.79,362.3762992125984,0,0.1338582677165354,7.0,0
CUST-001431,New,New,5,1,1,7,2,2,132.97,66.485,0,0.0,9.0,0
CUST-001432,Standard,Standard,5,3,3,11,14,16,905.52,45.276,0,0.0,5.0,0
CUST-001433,Loyal,Loyal,3,5,5,13,58,80,43427.33,350.2204032258065,0,0.0967741935483871,8.0,1
CUST-001434,At-Risk,At-Risk,2,5,5,12,82,65,30809.15,342.3238888888889,0,0.1111111111111111,7.0,0
CUST-001435,New,New,5,1,1,7,14,4,307.69,76.9225,0,0.0,7.0,0
CUST-001436,Loyal,Standard,3,5,5,13,59,67,26675.68,321.39373493975904,0,0.072289156626506,7.0,0
CUST-001437,Churned,Churned,1,2,3,6,106,8,1037.0,94.27272727272728,0,0.1818181818181818,3.0,0
CUST-001438,New,New,4,1,1,6,29,1,85.35,85.35,0,0.0,7.0,0
CUST-001439,At-Risk,At-Risk,2,5,5,12,75,102,46565.87,350.1193233082707,0,0.0526315789473684,10.0,0
CUST-001440,Loyal,Standard,3,5,5,13,56,76,34061.38,340.6138,0,0.11,8.0,0
CUST-001441,Churned,Churned,1,3,2,6,507,10,700.99,50.07071428571429,0,0.0714285714285714,5.0,1
CUST-001442,Premium,Champion,5,5,4,14,14,31,4271.84,112.41684210526316,0,0.0263157894736842,7.0,0
CUST-001443,Loyal,Standard,3,5,4,12,36,31,4172.82,115.91166666666666,0,0.0833333333333333,5.0,0
CUST-001444,Churned,Churned,1,4,3,8,135,17,1985.69,94.55666666666669,0,0.1428571428571428,4.0,0
CUST-001445,Churned,Churned,1,2,2,5,563,8,777.37,77.737,1,0.1,4.0,1
CUST-001446,Churned,Churned,1,2,3,6,621,9,876.53,58.43533333333333,1,0.1333333333333333,3.0,0
CUST-001447,New,New,4,1,1,6,30,2,281.98,70.495,0,0.0,9.0,0
CUST-001448,Loyal,Loyal,3,4,4,11,42,23,3385.94,116.75655172413794,0,0.0344827586206896,7.0,1
CUST-001449,Premium,Champion,5,5,5,15,13,78,41362.14,369.3048214285714,0,0.0982142857142857,8.0,0
CUST-001450,New,New,5,1,1,7,5,2,243.59,81.19666666666667,0,0.3333333333333333,8.0,1
CUST-001451,Budget,Budget,2,2,2,6,78,8,561.04,46.75333333333333,0,0.1666666666666666,8.0,1
CUST-001452,Loyal,Standard,3,4,4,11,60,24,3713.03,109.20676470588236,0,0.1470588235294117,6.0,0
CUST-001453,Churned,Churned,1,3,3,7,167,12,1406.68,87.9175,1,0.0625,4.0,0
CUST-001454,Premium,Premium,5,5,5,15,12,114,52182.06,354.98,0,0.0748299319727891,10.0,1
CUST-001455,Budget,Budget,5,2,1,8,3,5,356.46,50.92285714285714,0,0.0,6.0,0
CUST-001456,Loyal,Standard,3,5,5,13,45,71,38690.3,365.0028301886793,0,0.0849056603773584,7.0,0
CUST-001457,Budget,Budget,4,3,2,9,23,11,490.85,40.90416666666667,0,0.0,7.0,1
CUST-001458,Premium,Premium,5,5,5,15,12,70,31323.71,336.8140860215054,0,0.064516129032258,10.0,0
CUST-001459,Premium,Champion,4,5,5,14,33,93,39583.78,341.2394827586207,0,0.0517241379310344,9.0,0
CUST-001460,Premium,Premium,5,5,5,15,12,78,32611.33,350.65946236559137,0,0.086021505376344,8.0,1
CUST-001461,Budget,Budget,2,1,1,4,68,2,91.37,30.456666666666663,0,0.0,7.0,1
CUST-001462,New,New,4,1,1,6,28,4,289.46,72.365,0,0.0,5.0,0
CUST-001463,New,New,4,1,1,6,31,3,214.65,53.6625,0,0.0,6.0,0
CUST-001464,Churned,Churned,1,2,2,5,204,9,792.49,66.04083333333334,1,0.0833333333333333,3.0,1
CUST-001465,Premium,Champion,5,4,4,13,14,27,3681.46,118.7567741935484,0,0.032258064516129,6.0,0
CUST-001466,Standard,Standard,3,2,3,8,39,9,1183.72,107.61090909090908,0,0.0909090909090909,6.0,1
CUST-001467,Churned,Churned,1,3,3,7,102,12,1050.21,80.78538461538461,0,0.0,3.0,1
CUST-001468,Standard,Standard,4,3,3,10,35,13,1933.04,120.815,0,0.0625,6.0,0
CUST-001469,New,New,5,1,1,7,0,2,141.76999999999998,70.88499999999999,0,0.0,4.0,0
CUST-001470,Premium,Champion,5,4,5,14,1,17,7421.83,353.42047619047617,0,0.0476190476190476,9.0,1
CUST-001471,Churned,Churned,1,1,1,3,206,3,189.74,47.435,1,0.0,5.0,0
CUST-001472,Premium,Champion,4,5,5,14,31,98,51693.4,346.9355704697987,0,0.1208053691275167,7.0,1
CUST-001473,Churned,Churned,1,4,4,9,159,20,2425.32,89.82666666666667,1,0.1481481481481481,6.0,0
CUST-001474,Budget,Budget,3,2,2,7,41,9,456.09,41.46272727272728,0,0.0909090909090909,8.0,0
CUST-001475,Churned,Churned,1,2,2,5,213,6,513.38,64.1725,1,0.125,3.0,1
CUST-001476,At-Risk,At-Risk,2,5,5,12,72,77,39806.42,343.15879310344826,0,0.146551724137931,9.0,0
CUST-001477,Budget,Budget,2,1,2,5,76,4,445.81,49.534444444444446,0,0.1111111111111111,8.0,1
CUST-001478,Churned,Churned,1,1,2,4,595,2,376.05,62.675,1,0.1666666666666666,4.0,0
CUST-001479,Budget,Budget,4,2,2,8,19,8,602.26,50.18833333333333,0,0.25,8.0,0
CUST-001480,Budget,Budget,5,2,2,9,4,9,482.02,48.202,0,0.0,8.0,1
CUST-001481,New,New,5,1,1,7,14,2,274.95,68.7375,0,0.25,6.0,1
CUST-001482,Budget,Budget,3,2,2,7,39,6,367.09,52.441428571428574,0,0.0,7.0,0
CUST-001483,Budget,Budget,3,3,2,8,58,13,698.53,49.895,0,0.0,7.0,1
CUST-001484,Budget,Budget,2,1,1,4,75,3,164.64999999999998,41.1625,0,0.25,6.0,0
CUST-001485,Churned,Churned,1,3,3,7,118,11,1667.34,98.07882352941176,0,0.1176470588235294,3.0,0
CUST-001486,Premium,Premium,4,4,5,13,27,29,13423.13,353.2402631578948,0,0.0789473684210526,8.0,1
CUST-001487,Standard,Standard,3,2,3,8,52,8,1574.38,112.4557142857143,0,0.2142857142857142,6.0,0
CUST-001488,Budget,Budget,2,1,1,4,87,2,159.9,53.3,0,0.3333333333333333,1.0,0
CUST-001489,Churned,Churned,1,4,3,8,114,17,1966.62,93.64857142857144,0,0.0,3.0,0
CUST-001490,At-Risk,At-Risk,2,3,3,8,87,14,873.13,45.95421052631579,0,0.0526315789473684,7.0,1
CUST-001491,Budget,Budget,5,3,2,10,11,12,738.62,49.24133333333334,0,0.0666666666666666,6.0,1
CUST-001492,Premium,Champion,4,4,4,12,30,19,2596.55,118.025,0,0.0909090909090909,9.0,1
CUST-001493,At-Risk,At-Risk,2,3,3,8,85,15,2078.23,115.45722222222224,0,0.0555555555555555,6.0,1
CUST-001494,Budget,Budget,3,3,2,8,41,10,569.39,47.44916666666666,0,0.0833333333333333,8.0,1
CUST-001495,Premium,Champion,5,4,4,13,7,22,3794.5,108.41428571428573,0,0.0857142857142857,8.0,0
CUST-001496,At-Risk,At-Risk,2,3,3,8,69,16,808.6,44.922222222222224,0,0.0,8.0,1
CUST-001497,Standard,Standard,5,2,5,12,0,8,5247.13,349.8086666666667,0,0.1333333333333333,9.0,1
CUST-001498,Churned,Churned,1,2,3,6,182,9,866.16,61.86857142857143,1,0.0714285714285714,2.0,0
CUST-001499,Churned,Churned,1,1,1,3,181,4,301.43,60.286,1,0.0,3.0,0
CUST-001500,New,New,4,1,1,6,25,2,132.5,66.25,0,0.0,9.0,1
CUST-001501,Budget,Budget,4,3,2,9,35,13,502.68,35.90571428571429,0,0.0,7.0,0
CUST-001502,Premium,Premium,4,4,4,12,33,22,2842.11,113.6844,0,0.0,5.0,0
CUST-001503,Churned,Churned,1,3,3,7,147,11,1503.2,93.95,0,0.1875,6.0,0
CUST-001504,New,New,4,1,1,6,24,2,169.21,84.605,0,0.0,5.0,0
CUST-001505,At-Risk,Loyal,2,4,4,10,74,30,4560.7,111.23658536585366,0,0.0975609756097561,9.0,1
CUST-001506,Churned,Churned,1,3,3,7,144,11,1415.16,88.4475,1,0.125,5.0,0
CUST-001507,Churned,Churned,1,4,4,9,138,23,2548.4700000000003,84.94900000000001,0,0.0333333333333333,4.0,0
CUST-001508,Churned,Churned,1,1,1,3,470,2,190.48,63.49333333333334,0,0.0,2.0,1
CUST-001509,New,New,4,1,1,6,25,2,144.62,72.31,0,0.0,8.0,0
CUST-001510,Budget,Budget,3,2,2,7,42,8,659.39,43.95933333333333,0,0.0666666666666666,8.0,0
CUST-001511,Loyal,Loyal,3,4,4,11,55,28,4837.92,124.04923076923076,0,0.0512820512820512,5.0,1
CUST-001512,Churned,Churned,1,1,1,3,379,4,253.33,63.3325,1,0.0,1.0,1
CUST-001513,Churned,Churned,1,2,2,5,167,6,538.4300000000001,89.73833333333334,1,0.0,4.0,0
CUST-001514,At-Risk,At-Risk,2,5,5,12,61,102,46098.0,349.22727272727275,0,0.0681818181818181,9.0,0
CUST-001515,Premium,Champion,5,5,5,15,7,51,24505.52,365.7540298507463,0,0.1044776119402985,10.0,1
CUST-001516,At-Risk,At-Risk,2,2,3,7,75,9,1557.96,119.84307692307692,0,0.1538461538461538,8.0,0
CUST-001517,Churned,Churned,1,4,4,9,131,22,2264.12,87.08153846153846,1,0.0769230769230769,5.0,0
CUST-001518,Churned,Churned,1,2,2,5,682,9,764.49,69.49909090909091,1,0.0,2.0,0
CUST-001519,At-Risk,At-Risk,2,5,4,11,62,38,4601.53,102.25622222222222,0,0.0444444444444444,6.0,0
CUST-001520,Budget,Budget,2,2,2,6,84,7,523.0,47.54545454545455,0,0.0,8.0,0
CUST-001521,Premium,Premium,5,5,4,14,11,31,4448.83,108.5080487804878,0,0.048780487804878,5.0,0
CUST-001522,Churned,Churned,1,3,2,6,450,11,702.22,58.51833333333334,1,0.0,4.0,0
CUST-001523,Churned,Churned,1,3,3,7,117,12,1925.36,96.268,0,0.05,5.0,1
CUST-001524,Churned,Churned,1,4,4,9,119,21,2780.05,92.66833333333334,1,0.0333333333333333,5.0,0
CUST-001525,Budget,Budget,3,3,2,8,38,11,654.2,43.61333333333334,0,0.0666666666666666,5.0,1
CUST-001526,Premium,Champion,5,5,4,14,13,35,4588.67,106.7132558139535,0,0.0465116279069767,5.0,0
CUST-001527,Premium,Champion,5,5,4,14,3,31,4347.91,111.4848717948718,0,0.0256410256410256,9.0,1
CUST-001528,Premium,Champion,4,5,5,14,24,45,23091.41,349.8698484848485,0,0.106060606060606,9.0,1
CUST-001529,Churned,Churned,1,3,3,7,151,12,1829.6,91.48,1,0.05,3.0,0
CUST-001530,Churned,Churned,1,4,4,9,105,21,2379.92,84.99714285714286,1,0.0714285714285714,4.0,0
CUST-001531,Churned,Churned,1,1,1,3,259,1,33.95,33.95,0,0.0,3.0,1
CUST-001532,Churned,Churned,1,2,2,5,207,5,557.54,79.64857142857143,1,0.1428571428571428,5.0,0
CUST-001533,Standard,Standard,3,3,3,9,48,12,876.36,46.12421052631579,0,0.1052631578947368,7.0,0
CUST-001534,New,New,4,1,1,6,15,2,218.99,72.99666666666667,0,0.0,5.0,1
CUST-001535,Churned,Churned,1,2,2,5,410,5,431.91,53.98875,0,0.25,4.0,0
CUST-001536,Churned,Churned,1,3,3,7,93,11,1480.1,92.50625,1,0.0625,3.0,1
CUST-001537,Loyal,Loyal,3,4,4,11,45,23,3492.69,105.83909090909091,0,0.1212121212121212,9.0,1
CUST-001538,Churned,Churned,1,3,3,7,90,13,922.0,48.526315789473685,0,0.1578947368421052,5.0,0
CUST-001539,Premium,Champion,5,4,5,14,4,22,13097.49,396.8936363636364,0,0.0303030303030303,8.0,1
CUST-001540,Churned,Churned,1,2,2,5,199,7,654.34,65.434,1,0.0,3.0,1
CUST-001541,Standard,Standard,3,3,3,9,60,12,955.84,47.792,0,0.05,8.0,0
CUST-001542,Premium,Champion,4,5,4,13,33,31,4229.31,111.29763157894736,0,0.0263157894736842,6.0,1
CUST-001543,New,New,4,1,1,6,29,2,345.39,86.3475,0,0.0,9.0,1
CUST-001544,Budget,Budget,3,3,2,8,42,13,734.69,43.21705882352941,0,0.0588235294117647,5.0,0
CUST-001545,Premium,Champion,4,4,4,12,21,20,2622.28,114.01217391304348,0,0.1304347826086956,7.0,1
CUST-001546,Premium,Champion,5,4,5,14,11,29,12163.55,357.7514705882353,0,0.0588235294117647,8.0,0
CUST-001547,New,New,5,1,2,8,11,3,423.77,84.75399999999999,0,0.2,9.0,0
CUST-001548,Budget,Budget,2,1,1,4,62,4,275.73,45.955000000000005,0,0.0,7.0,1
CUST-001549,New,New,5,1,1,7,3,2,259.78,64.945,0,0.25,9.0,0
CUST-001550,Budget,Budget,3,3,2,8,55,10,598.62,42.75857142857143,0,0.0714285714285714,5.0,0
CUST-001551,Churned,Churned,1,4,3,8,143,17,2044.29,88.88217391304347,1,0.0434782608695652,5.0,0
CUST-001552,New,New,4,1,1,6,33,2,123.9,41.3,0,0.3333333333333333,5.0,0
CUST-001553,Budget,Budget,2,2,2,6,81,7,394.15,49.26875,0,0.125,7.0,0
CUST-001554,Churned,Churned,1,2,2,5,153,5,445.98,89.196,0,0.0,5.0,0
CUST-001555,Standard,Standard,5,3,3,11,6,11,2075.46,109.23473684210526,0,0.0526315789473684,6.0,0
CUST-001556,Loyal,Standard,3,5,5,13,46,51,29416.9,358.7426829268293,0,0.1707317073170731,9.0,0
CUST-001557,Loyal,Standard,3,5,5,13,46,36,14145.87,345.0212195121952,0,0.048780487804878,8.0,0
CUST-001558,New,New,5,1,1,7,14,1,273.38,91.12666666666668,0,0.0,8.0,0
CUST-001559,Budget,Budget,5,3,2,10,14,10,637.65,49.05,0,0.0769230769230769,5.0,0
CUST-001560,New,New,4,1,1,6,24,3,240.83,60.2075,0,0.25,7.0,1
CUST-001561,At-Risk,Loyal,2,4,4,10,87,24,3182.2200000000003,109.73172413793104,0,0.0689655172413793,6.0,1
CUST-001562,Loyal,Standard,3,5,5,13,44,70,30933.16,347.563595505618,0,0.0224719101123595,10.0,0
CUST-001563,Premium,Champion,5,5,5,15,9,57,29897.3,355.92023809523806,0,0.0714285714285714,7.0,1
CUST-001564,Premium,Champion,4,4,4,12,18,17,2510.75,119.5595238095238,0,0.0952380952380952,9.0,0
CUST-001565,Budget,Budget,2,2,2,6,83,5,469.74,46.974,0,0.1,5.0,0
CUST-001566,Premium,Champion,5,5,5,15,3,35,4997.21,116.21418604651164,0,0.0697674418604651,6.0,0
CUST-001567,New,New,5,1,2,8,0,2,491.61,98.322,0,0.2,9.0,1
CUST-001568,Churned,Churned,1,2,2,5,111,6,604.68,75.585,0,0.125,5.0,0
CUST-001569,At-Risk,At-Risk,2,5,5,12,83,32,5333.89,115.9541304347826,0,0.1304347826086956,7.0,0
CUST-001570,Budget,Budget,2,2,2,6,87,5,404.47,44.94111111111111,0,0.1111111111111111,7.0,1
CUST-001571,New,New,5,1,1,7,5,3,325.36,65.072,0,0.2,5.0,1
CUST-001572,At-Risk,At-Risk,2,4,4,10,87,23,3285.78,105.99290322580646,0,0.0967741935483871,5.0,0
CUST-001573,Budget,Budget,3,1,1,5,48,2,159.32,53.10666666666666,0,0.3333333333333333,8.0,0
CUST-001574,Churned,Churned,1,4,3,8,169,17,1956.58,93.1704761904762,0,0.0,3.0,0
CUST-001575,Churned,Churned,1,1,1,3,621,2,256.02,64.005,0,0.0,2.0,0
CUST-001576,Premium,Champion,5,5,5,15,14,40,19231.18,349.6578181818182,0,0.0909090909090909,10.0,0
CUST-001577,Churned,Churned,1,2,1,4,394,5,303.35,60.67,0,0.0,4.0,0
CUST-001578,Budget,Budget,5,3,2,10,3,12,745.08,49.672,0,0.0666666666666666,5.0,0
CUST-001579,Loyal,Loyal,3,4,4,11,37,18,2421.72,115.32,0,0.0,9.0,1
CUST-001580,At-Risk,At-Risk,2,3,2,7,86,11,798.25,53.21666666666667,0,0.1333333333333333,7.0,0
CUST-001581,Churned,Churned,1,2,1,4,637,6,359.44,59.906666666666666,1,0.0,1.0,1
CUST-001582,At-Risk,At-Risk,2,3,2,7,80,15,771.49,40.60473684210526,0,0.1578947368421052,5.0,1
CUST-001583,Premium,Premium,4,5,5,14,35,39,5255.16,114.24260869565217,0,0.0434782608695652,8.0,1
CUST-001584,Budget,Budget,2,2,2,6,64,6,408.55,45.394444444444446,0,0.0,7.0,0
CUST-001585,Premium,Premium,4,5,5,14,20,34,5406.59,112.63729166666668,0,0.1458333333333333,6.0,1
CUST-001586,Premium,Champion,5,5,5,15,13,116,50993.92,351.6822068965517,0,0.0344827586206896,7.0,0
CUST-001587,At-Risk,At-Risk,2,5,5,12,62,98,45425.83,344.13507575757575,0,0.0833333333333333,7.0,0
CUST-001588,At-Risk,At-Risk,2,5,5,12,80,32,14885.65,346.17790697674417,0,0.1162790697674418,7.0,0
CUST-001589,Standard,Standard,3,3,4,10,39,14,2913.71,126.68304347826088,0,0.1304347826086956,8.0,0
CUST-001590,Loyal,Standard,3,5,5,13,44,96,42607.06,349.23819672131145,0,0.0327868852459016,7.0,0
CUST-001591,Budget,Budget,3,2,1,6,45,6,356.4,44.55,0,0.125,5.0,1
CUST-001592,At-Risk,At-Risk,2,4,3,9,61,16,2090.54,116.14111111111112,0,0.0,8.0,0
CUST-001593,Loyal,Standard,3,4,4,11,55,21,3306.67,118.09535714285714,0,0.1071428571428571,7.0,0
CUST-001594,Churned,Churned,1,3,3,7,108,11,1622.02,85.36947368421052,0,0.1578947368421052,6.0,1
CUST-001595,Budget,Budget,2,2,2,6,85,7,467.34,42.485454545454544,0,0.0909090909090909,6.0,1
CUST-001596,New,New,5,1,1,7,12,0,91.66,91.66,0,0.0,5.0,0
CUST-001597,At-Risk,At-Risk,2,4,4,10,85,22,3177.55,109.57068965517242,0,0.0689655172413793,6.0,0
CUST-001598,Premium,Champion,4,5,4,13,28,31,4402.78,110.0695,0,0.075,9.0,0
CUST-001599,Premium,Champion,5,5,5,15,6,101,48051.89,348.20210144927535,0,0.0652173913043478,10.0,0
CUST-001600,Premium,Premium,4,4,4,12,22,29,3970.14,110.28166666666668,0,0.0555555555555555,8.0,1
CUST-001601,Standard,Standard,4,2,3,9,17,7,1148.51,114.851,0,0.1,6.0,0
CUST-001602,At-Risk,At-Risk,2,4,4,10,62,29,4439.92,116.84,0,0.1052631578947368,9.0,0
CUST-001603,At-Risk,At-Risk,2,5,5,12,64,36,16624.07,346.33479166666666,0,0.0625,8.0,0
CUST-001604,Premium,Champion,4,5,5,14,31,93,45018.22,360.14576,0,0.096,9.0,0
CUST-001605,Budget,Budget,2,1,1,4,63,2,95.25,31.75,0,0.0,7.0,1
CUST-001606,Premium,Champion,5,4,4,13,4,16,2483.53,107.97956521739133,0,0.0869565217391304,8.0,1
CUST-001607,At-Risk,At-Risk,2,4,4,10,73,17,2509.4,104.55833333333334,0,0.125,5.0,0
CUST-001608,Budget,Budget,3,2,2,7,41,8,370.47,46.30875,0,0.0,7.0,1
CUST-001609,New,New,5,1,1,7,6,1,46.47,46.47,0,0.0,5.0,1
CUST-001610,Premium,Champion,4,5,5,14,15,58,27488.98,356.99974025974024,0,0.1298701298701298,9.0,0
CUST-001611,New,New,5,1,1,7,6,3,344.77,86.1925,0,0.0,8.0,0
CUST-001612,Budget,Budget,4,2,1,7,27,7,331.18,36.79777777777778,0,0.0,8.0,0
CUST-001613,Loyal,Standard,3,5,5,13,39,41,20876.39,386.5998148148148,0,0.0925925925925925,8.0,0
CUST-001614,Churned,Churned,1,3,3,7,148,14,1688.1,84.405,0,0.15,6.0,1
CUST-001615,Churned,Churned,1,3,3,7,192,12,965.58,68.97,1,0.0,1.0,0
CUST-001616,At-Risk,At-Risk,2,4,5,11,75,20,11140.89,384.1686206896552,0,0.1034482758620689,8.0,0
CUST-001617,Standard,Standard,4,3,3,10,18,11,1725.66,123.26142857142858,0,0.0,8.0,1
CUST-001618,Churned,Churned,1,4,4,9,150,19,2700.64,93.1255172413793,1,0.1724137931034483,6.0,0
CUST-001619,New,New,4,1,1,6,25,1,67.25,67.25,0,0.0,7.0,1
CUST-001620,Premium,Champion,5,5,4,14,6,34,4801.59,117.1119512195122,0,0.073170731707317,5.0,0
CUST-001621,Premium,Champion,5,4,4,13,3,21,3098.2,119.16153846153846,0,0.0384615384615384,8.0,0
CUST-001622,Standard,Standard,3,2,3,8,45,7,1311.08,109.25666666666666,0,0.1666666666666666,6.0,0
CUST-001623,New,New,4,1,1,6,31,2,141.68,47.22666666666667,0,0.0,6.0,0
CUST-001624,Budget,Budget,2,2,2,6,77,7,369.93,46.24125,0,0.0,5.0,0
CUST-001625,At-Risk,At-Risk,2,4,4,10,74,22,3262.32,112.49379310344828,0,0.0344827586206896,9.0,0
CUST-001626,At-Risk,At-Risk,2,3,2,7,87,14,764.19,47.761875,0,0.0,8.0,0
CUST-001627,Budget,Budget,4,2,2,8,24,5,380.06,76.012,0,0.0,8.0,0
CUST-001628,At-Risk,At-Risk,2,5,5,12,79,45,19983.04,344.53517241379313,0,0.1034482758620689,9.0,0
CUST-001629,Premium,Champion,4,4,4,12,25,24,3202.3,100.071875,0,0.125,8.0,0
CUST-001630,New,New,5,1,2,8,9,3,366.09,73.218,0,0.2,9.0,0
CUST-001631,Churned,Churned,1,2,2,5,139,6,693.86,86.7325,1,0.125,3.0,0
CUST-001632,Budget,Budget,2,1,2,5,72,4,385.38,48.1725,0,0.125,5.0,0
CUST-001633,Budget,Budget,3,2,2,7,37,9,580.66,44.66615384615385,0,0.1538461538461538,8.0,1
CUST-001634,At-Risk,At-Risk,2,5,5,12,69,94,45690.23,338.4461481481481,0,0.1185185185185185,7.0,0
CUST-001635,Premium,Premium,5,4,4,13,7,18,2562.7,116.48636363636363,0,0.0909090909090909,6.0,1
CUST-001636,Budget,Budget,3,1,1,5,48,3,227.01,56.7525,0,0.0,7.0,1
CUST-001637,Premium,Champion,5,4,4,13,8,22,2961.67,109.69148148148147,0,0.1111111111111111,8.0,1
CUST-001638,Loyal,Standard,3,5,4,12,46,32,4478.83,117.86394736842104,0,0.0263157894736842,7.0,0
CUST-001639,At-Risk,Loyal,2,5,4,11,83,35,4901.36,100.0277551020408,0,0.0816326530612244,7.0,1
CUST-001640,Premium,Champion,4,5,5,14,29,101,50380.4,357.30780141843974,0,0.0992907801418439,8.0,0
CUST-001641,At-Risk,At-Risk,2,4,4,10,84,21,3735.04,109.85411764705884,0,0.1470588235294117,9.0,0
CUST-001642,Standard,Standard,3,3,3,9,57,13,1922.58,113.0929411764706,0,0.0588235294117647,5.0,0
CUST-001643,Loyal,Standard,3,5,4,12,47,32,4937.56,114.82697674418606,0,0.1627906976744186,9.0,0
CUST-001644,Loyal,Loyal,3,5,5,13,52,39,18630.1,365.2960784313725,0,0.0784313725490196,8.0,1
CUST-001645,Churned,Churned,1,3,3,7,124,11,1390.3,99.30714285714284,0,0.0714285714285714,6.0,0
CUST-001646,Budget,Budget,2,2,2,6,80,9,736.29,43.31117647058824,0,0.2352941176470588,8.0,0
CUST-001647,New,New,5,1,1,7,13,1,280.9,93.63333333333333,0,0.0,8.0,0
CUST-001648,New,New,4,1,2,7,22,4,429.54,85.908,0,0.2,6.0,1
CUST-001649,At-Risk,At-Risk,2,3,3,8,66,14,921.19,48.48368421052632,0,0.1052631578947368,7.0,0
CUST-001650,Loyal,Standard,3,5,5,13,39,39,16569.92,345.20666666666665,0,0.0833333333333333,10.0,0
CUST-001651,New,New,4,1,1,6,24,3,216.74,43.348,0,0.2,8.0,0
CUST-001652,Budget,Budget,3,2,2,7,38,5,377.57,53.93857142857143,0,0.2857142857142857,7.0,0
CUST-001653,New,New,5,1,1,7,2,1,81.54,81.54,0,0.0,5.0,0
CUST-001654,At-Risk,At-Risk,2,3,3,8,87,10,1226.45,102.20416666666668,0,0.0833333333333333,8.0,0
CUST-001655,At-Risk,At-Risk,2,5,5,12,83,100,48856.12,356.61401459854017,0,0.0802919708029197,7.0,0
CUST-001656,At-Risk,At-Risk,2,3,3,8,78,13,2030.71,119.4535294117647,0,0.0588235294117647,6.0,0
CUST-001657,At-Risk,At-Risk,2,3,3,8,85,11,1663.18,110.87866666666667,0,0.0666666666666666,6.0,0
CUST-001658,Budget,Budget,2,1,1,4,88,4,212.64,42.528,0,0.0,5.0,0
CUST-001659,Budget,Budget,3,2,2,7,61,9,560.08,43.08307692307692,0,0.0769230769230769,8.0,0
CUST-001660,Premium,Champion,4,4,4,12,35,23,3147.29,116.5662962962963,0,0.074074074074074,5.0,1
CUST-001661,Churned,Churned,1,2,2,5,604,5,687.68,57.306666666666665,0,0.4166666666666667,2.0,0
CUST-001662,Budget,Budget,5,3,2,10,8,12,631.71,45.12214285714286,0,0.0714285714285714,7.0,0
CUST-001663,At-Risk,At-Risk,2,4,3,9,83,17,2208.43,105.16333333333333,0,0.0,6.0,0
CUST-001664,Loyal,Standard,3,5,5,13,61,59,24989.55,337.6966216216216,0,0.0135135135135135,10.0,0
CUST-001665,At-Risk,At-Risk,2,2,3,7,82,9,1513.71,116.43923076923078,0,0.0769230769230769,9.0,0
CUST-001666,At-Risk,At-Risk,2,5,4,11,84,35,4681.16,114.17463414634146,0,0.024390243902439,7.0,0
CUST-001667,At-Risk,At-Risk,2,4,4,10,63,19,3059.35,117.66730769230767,0,0.1538461538461538,9.0,0
CUST-001668,Premium,Champion,4,5,5,14,34,39,5596.22,114.20857142857145,0,0.0408163265306122,9.0,0
CUST-001669,Premium,Champion,4,4,5,13,29,29,4982.88,118.64,0,0.119047619047619,5.0,0
CUST-001670,At-Risk,At-Risk,2,2,3,7,80,8,1332.9,121.17272727272729,0,0.0,7.0,1
CUST-001671,Churned,Churned,1,3,3,7,113,10,869.9,79.08181818181818,0,0.0909090909090909,5.0,0
CUST-001672,At-Risk,Loyal,2,4,5,11,82,26,11794.25,346.8897058823529,0,0.0588235294117647,10.0,1
CUST-001673,Budget,Budget,5,2,1,8,12,5,299.69,49.94833333333333,0,0.0,5.0,1
CUST-001674,Standard,Standard,4,3,3,10,26,10,1177.76,117.776,0,0.0,6.0,0
CUST-001675,Churned,Churned,1,2,2,5,389,8,610.28,61.028,0,0.1,2.0,0
CUST-001676,Loyal,Loyal,3,5,5,13,45,60,26249.07,345.3825,0,0.0657894736842105,7.0,1
CUST-001677,Premium,Champion,4,4,4,12,22,28,4881.29,113.51837209302326,0,0.1162790697674418,5.0,1
CUST-001678,Churned,Churned,1,1,1,3,683,2,131.58,65.79,0,0.0,5.0,1
CUST-001679,Churned,Churned,1,3,3,7,163,11,983.32,89.39272727272727,0,0.0,5.0,1
CUST-001680,Churned,Churned,1,3,3,7,145,12,1497.71,88.10058823529413,0,0.2352941176470588,4.0,0
CUST-001681,At-Risk,At-Risk,2,5,4,11,73,37,4655.78,103.46177777777775,0,0.0888888888888888,8.0,0
CUST-001682,Standard,Standard,4,2,3,9,18,6,1368.58,114.04833333333332,0,0.0,5.0,1
CUST-001683,New,New,4,1,1,6,22,0,54.41,54.41,0,1.0,6.0,1
CUST-001684,Churned,Churned,1,2,2,5,583,7,492.32,54.70222222222222,1,0.0,5.0,0
CUST-001685,Churned,Churned,1,2,2,5,89,9,676.41,48.315,0,0.0714285714285714,6.0,0
CUST-001686,Budget,Budget,3,3,2,8,48,14,799.27,47.015882352941176,0,0.1176470588235294,6.0,0
CUST-001687,Premium,Premium,4,4,4,12,15,28,4399.66,118.90972972972972,0,0.054054054054054,8.0,0
CUST-001688,New,New,5,1,1,7,12,0,94.46,94.46,0,1.0,7.0,1
CUST-001689,Standard,Standard,4,3,3,10,29,10,1523.62,138.51090909090908,0,0.0909090909090909,9.0,1
CUST-001690,Standard,Standard,3,2,3,8,38,9,1541.33,110.095,0,0.1428571428571428,9.0,1
CUST-001691,At-Risk,Loyal,2,5,5,12,76,32,5101.89,115.95204545454546,0,0.1818181818181818,7.0,1
CUST-001692,Budget,Budget,3,1,1,5,50,2,157.54,52.51333333333333,0,0.0,7.0,1
CUST-001693,At-Risk,At-Risk,2,4,4,10,79,18,2584.78,117.49,0,0.0454545454545454,5.0,0
CUST-001694,Loyal,Loyal,3,4,5,12,57,29,11786.14,336.74685714285715,0,0.0285714285714285,8.0,1
CUST-001695,Budget,Budget,5,2,2,9,14,9,556.66,50.60545454545454,0,0.1818181818181818,7.0,1
CUST-001696,At-Risk,At-Risk,2,4,4,10,86,19,2746.27,114.42791666666666,0,0.0,6.0,0
CUST-001697,Budget,Budget,5,3,2,10,6,10,615.21,47.32384615384616,0,0.2307692307692307,6.0,1
CUST-001698,Loyal,Standard,3,4,4,11,49,21,2689.03,103.42423076923076,0,0.0384615384615384,5.0,0
CUST-001699,At-Risk,At-Risk,2,3,2,7,70,10,534.16,48.56,0,0.0,7.0,1
CUST-001700,At-Risk,At-Risk,2,3,3,8,81,13,812.42,45.13444444444444,0,0.1111111111111111,8.0,1
CUST-001701,Loyal,Standard,3,5,5,13,40,51,23347.77,338.37347826086955,0,0.0869565217391304,10.0,0
CUST-001702,Loyal,Loyal,3,5,5,13,39,33,5119.5,113.76666666666668,0,0.0666666666666666,9.0,1
CUST-001703,Loyal,Standard,3,5,5,13,42,42,19100.92,341.0878571428571,0,0.0535714285714285,8.0,0
CUST-001704,At-Risk,At-Risk,2,5,5,12,86,96,46252.1,353.06946564885493,0,0.0916030534351145,8.0,0
CUST-001705,Churned,Churned,1,3,2,6,549,11,736.21,61.35083333333333,1,0.0833333333333333,1.0,0
CUST-001706,At-Risk,Loyal,2,4,4,10,69,29,4524.77,116.0197435897436,0,0.1282051282051282,8.0,1
CUST-001707,Standard,Standard,3,3,3,9,45,11,1258.73,89.90928571428572,0,0.0714285714285714,3.0,1
CUST-001708,Loyal,Standard,3,5,5,13,54,35,5713.61,119.03354166666666,0,0.1041666666666666,7.0,0
CUST-001709,New,New,4,1,2,7,18,4,418.07,83.614,0,0.0,8.0,0
CUST-001710,New,New,5,1,2,8,1,3,370.15,74.03,0,0.4,8.0,0
CUST-001711,New,New,5,1,1,7,4,2,98.44,32.81333333333333,0,0.0,6.0,1
CUST-001712,Budget,Budget,4,3,2,9,29,15,744.47,46.529375,0,0.0,5.0,0
CUST-001713,Standard,Standard,5,2,3,10,6,8,1407.58,117.29833333333332,0,0.0833333333333333,5.0,1
CUST-001714,Standard,Standard,5,2,3,10,8,8,1088.39,108.839,0,0.0,5.0,0
CUST-001715,Budget,Budget,4,2,2,8,17,7,553.84,61.53777777777778,0,0.0,5.0,0
CUST-001716,Churned,Churned,1,4,3,8,156,16,1698.09,89.37315789473683,1,0.0,5.0,0
CUST-001717,Churned,Churned,1,1,1,3,434,4,349.97,58.32833333333334,1,0.3333333333333333,4.0,0
CUST-001718,Premium,Champion,5,5,5,15,14,61,31172.85,358.3086206896552,0,0.0804597701149425,8.0,0
CUST-001719,New,New,5,1,1,7,4,3,160.01,53.336666666666666,0,0.0,9.0,0
CUST-001720,Churned,Churned,1,1,1,3,492,3,254.4,63.6,1,0.25,2.0,0
CUST-001721,Standard,Standard,3,2,3,8,46,8,1338.73,111.56083333333332,0,0.1666666666666666,9.0,1
CUST-001722,Loyal,Standard,3,5,5,13,50,55,27689.1,354.98846153846154,0,0.1282051282051282,9.0,0
CUST-001723,New,New,5,1,1,7,8,3,242.38,80.79333333333334,0,0.0,6.0,1
CUST-001724,New,New,4,1,1,6,32,1,214.76,53.69,0,0.0,6.0,0
CUST-001725,Churned,Churned,1,4,4,9,110,22,2428.33,86.72607142857143,0,0.0714285714285714,4.0,0
CUST-001726,Loyal,Standard,3,5,5,13,48,111,44770.61,326.7927737226277,0,0.0437956204379562,10.0,0
CUST-001727,New,New,5,1,1,7,7,1,75.99,75.99,0,0.0,7.0,0
CUST-001728,Loyal,Loyal,3,4,4,11,57,25,4070.88,104.38153846153848,0,0.1794871794871795,8.0,1
CUST-001729,At-Risk,Loyal,2,4,3,9,72,16,2113.01,105.6505,0,0.2,8.0,1
CUST-001730,Standard,Standard,5,3,3,11,4,10,1249.93,113.63,0,0.0,9.0,1
CUST-001731,Churned,Churned,1,1,2,4,169,4,519.76,103.952,0,0.0,6.0,0
CUST-001732,Budget,Budget,5,2,1,8,10,5,349.46,69.892,0,0.0,6.0,0
CUST-001733,Budget,Budget,2,2,2,6,65,7,430.84,47.87111111111111,0,0.0,8.0,0
CUST-001734,Premium,Champion,5,4,4,13,7,28,3560.18,114.84451612903226,0,0.0,9.0,0
CUST-001735,Churned,Churned,1,2,2,5,171,5,640.64,106.77333333333333,0,0.0,6.0,0
CUST-001736,At-Risk,At-Risk,2,4,4,10,81,18,2641.59,114.8517391304348,0,0.0,9.0,0
CUST-001737,Churned,Churned,1,4,4,9,172,20,2524.85,84.16166666666666,1,0.1666666666666666,3.0,1
CUST-001738,Premium,Premium,4,4,4,12,19,18,2309.95,109.99761904761904,0,0.0476190476190476,8.0,0
CUST-001739,Premium,Champion,5,4,4,13,12,20,2772.44,110.8976,0,0.08,9.0,0
CUST-001740,Budget,Budget,3,2,2,7,57,6,537.51,48.86454545454546,0,0.2727272727272727,8.0,0
CUST-001741,At-Risk,At-Risk,2,3,3,8,85,15,2159.24,113.64421052631576,0,0.0526315789473684,5.0,0
CUST-001742,New,New,5,1,1,7,3,4,224.46,56.115,0,0.0,6.0,1
CUST-001743,Budget,Budget,4,2,1,7,17,6,358.22,51.17428571428572,0,0.0,5.0,1
CUST-001744,Loyal,Standard,3,4,4,11,43,28,4643.3,113.25121951219512,0,0.024390243902439,9.0,0
CUST-001745,Churned,Churned,1,2,3,6,120,8,922.69,92.269,0,0.1,4.0,0
CUST-001746,Premium,Champion,5,4,4,13,6,19,2650.69,126.22333333333331,0,0.0,7.0,0
CUST-001747,New,New,5,1,1,7,13,1,196.5,49.125,0,0.75,5.0,0
CUST-001748,Churned,Churned,1,2,3,6,119,7,829.39,92.15444444444444,0,0.1111111111111111,3.0,0
CUST-001749,At-Risk,At-Risk,2,3,3,8,72,11,900.4,45.02,0,0.15,5.0,0
CUST-001750,At-Risk,At-Risk,2,5,5,12,65,96,45325.87,351.36333333333334,0,0.0930232558139534,7.0,0
CUST-001751,Churned,Churned,1,2,2,5,426,5,435.38,62.19714285714286,1,0.0,1.0,0
CUST-001752,Budget,Budget,4,2,2,8,35,8,400.65,40.065,0,0.0,7.0,0
CUST-001753,Standard,Standard,5,3,3,11,14,14,2025.49,112.52722222222222,0,0.0,9.0,0
CUST-001754,Loyal,Loyal,3,5,5,13,44,88,41617.64,349.72806722689074,0,0.0756302521008403,10.0,1
CUST-001755,New,New,5,1,2,8,4,4,374.96,74.992,0,0.0,7.0,1
CUST-001756,Standard,Standard,4,3,3,10,22,13,820.2,45.56666666666667,0,0.1111111111111111,6.0,0
CUST-001757,Budget,Budget,2,1,1,4,65,3,238.16,47.632,0,0.0,8.0,1
CUST-001758,Churned,Churned,1,4,4,9,145,21,2411.68,92.75692307692309,1,0.0384615384615384,3.0,1
CUST-001759,New,New,4,1,1,6,17,0,43.12,43.12,0,0.0,9.0,0
CUST-001760,Standard,Standard,4,3,3,10,23,13,2162.31,108.1155,0,0.15,7.0,1
CUST-001761,Standard,Standard,5,3,4,12,8,15,3069.97,109.6417857142857,0,0.3571428571428571,9.0,0
CUST-001762,Loyal,Loyal,3,4,4,11,48,29,4195.15,110.39868421052633,0,0.1052631578947368,7.0,1
CUST-001763,New,New,5,1,2,8,14,3,392.77,98.1925,0,0.0,6.0,0
CUST-001764,Premium,Champion,5,5,5,15,9,69,33226.52,342.54144329896906,0,0.0618556701030927,9.0,1
CUST-001765,Budget,Budget,3,2,2,7,60,7,395.92,49.49,0,0.0,6.0,0
CUST-001766,New,New,5,1,1,7,14,1,137.31,68.655,0,0.0,8.0,1
CUST-001767,Churned,Churned,1,2,2,5,90,5,556.11,79.44428571428571,1,0.2857142857142857,5.0,0
CUST-001768,Loyal,Standard,3,4,4,11,60,28,4540.74,110.74975609756098,0,0.073170731707317,9.0,0
CUST-001769,Churned,Churned,1,3,3,7,108,10,1186.61,98.88416666666666,1,0.0833333333333333,5.0,0
CUST-001770,At-Risk,Loyal,2,5,5,12,88,43,21476.88,364.0149152542373,0,0.0677966101694915,9.0,1
CUST-001771,Churned,Churned,1,2,3,6,129,8,868.41,78.94636363636363,0,0.0909090909090909,6.0,0
CUST-001772,Loyal,Loyal,3,5,5,13,51,70,29616.39,336.54988636363635,0,0.1136363636363636,8.0,1
CUST-001773,At-Risk,At-Risk,2,3,4,9,87,14,2292.63,120.66473684210528,0,0.2105263157894736,7.0,0
CUST-001774,New,New,4,1,2,7,25,3,415.1,83.02000000000001,0,0.0,7.0,0
CUST-001775,At-Risk,Loyal,2,4,5,11,76,26,10733.51,357.78366666666665,0,0.0333333333333333,7.0,1
CUST-001776,At-Risk,At-Risk,2,4,4,10,81,18,3261.46,116.48071428571428,0,0.1071428571428571,8.0,0
CUST-001777,New,New,5,1,1,7,9,2,252.86,84.28666666666668,0,0.3333333333333333,5.0,1
CUST-001778,New,New,4,1,1,6,23,1,79.56,79.56,0,0.0,8.0,1
CUST-001779,Budget,Budget,4,2,1,7,26,5,328.13,46.87571428571429,0,0.1428571428571428,8.0,1
CUST-001780,New,New,4,1,1,6,29,1,228.97,76.32333333333334,0,0.3333333333333333,7.0,0
CUST-001781,Budget,Budget,3,3,2,8,39,11,679.02,45.268,0,0.0,6.0,0
CUST-001782,At-Risk,At-Risk,2,4,4,10,82,23,3049.91,105.16931034482758,0,0.1034482758620689,7.0,0
CUST-001783,Standard,Standard,5,3,3,11,1,13,2219.04,105.66857142857144,0,0.1428571428571428,6.0,0
CUST-001784,Standard,Standard,5,2,3,10,11,8,1112.01,101.09181818181818,0,0.0909090909090909,8.0,0
CUST-001785,Churned,Churned,1,3,3,7,180,14,1301.64,81.35249999999999,0,0.0,3.0,1
CUST-001786,At-Risk,At-Risk,2,4,3,9,77,16,917.33,45.8665,0,0.1,8.0,0
CUST-001787,At-Risk,At-Risk,2,3,3,8,79,11,1890.5,118.15625,0,0.0,7.0,1
CUST-001788,Budget,Budget,4,2,2,8,30,8,509.32,46.30181818181818,0,0.0909090909090909,6.0,0
CUST-001789,Budget,Budget,5,2,2,9,6,6,647.89,71.98777777777778,0,0.1111111111111111,4.0,1
CUST-001790,Premium,Champion,5,5,5,15,13,37,5537.65,113.01326530612243,0,0.0408163265306122,5.0,0
CUST-001791,New,New,4,1,1,6,17,3,166.86,41.715,0,0.0,7.0,0
CUST-001792,New,New,4,1,1,6,23,4,187.7,37.54,0,0.2,5.0,1
CUST-001793,New,New,5,1,1,7,7,4,181.58,45.395,0,0.0,5.0,0
CUST-001794,Premium,Champion,4,5,5,14,16,38,21145.78,346.65213114754096,0,0.1147540983606557,9.0,0
CUST-001795,Churned,Churned,1,4,3,8,108,19,2177.92,90.74666666666668,1,0.0416666666666666,5.0,0
CUST-001796,Churned,Churned,1,1,1,3,442,3,229.24,57.31,0,0.25,2.0,0
CUST-001797,Budget,Budget,3,3,2,8,54,11,517.27,43.10583333333333,0,0.0,5.0,1
CUST-001798,New,New,4,1,1,6,24,4,244.71,61.1775,0,0.0,5.0,0
CUST-001799,Churned,Churned,1,2,2,5,662,7,645.5,64.55,0,0.2,2.0,1
CUST-001800,New,New,5,1,1,7,10,3,242.57,60.6425,0,0.25,5.0,0
CUST-001801,At-Risk,At-Risk,2,3,4,9,78,14,2229.32,106.15809523809524,0,0.0476190476190476,5.0,1
CUST-001802,Budget,Budget,3,1,1,5,44,2,127.49,42.49666666666667,0,0.0,8.0,0
CUST-001803,Budget,Budget,3,3,2,8,61,15,742.65,41.25833333333333,0,0.0555555555555555,6.0,0
CUST-001804,Standard,Standard,5,3,3,11,13,10,1364.21,113.68416666666668,0,0.1666666666666666,9.0,0
CUST-001805,New,New,5,1,1,7,7,1,149.17,74.585,0,0.5,6.0,0
CUST-001806,Churned,Churned,1,1,1,3,180,1,134.84,67.42,1,0.0,1.0,0
CUST-001807,Churned,Churned,1,2,2,5,226,8,686.35,62.39545454545455,0,0.0,1.0,0
CUST-001808,Budget,Budget,3,2,2,7,59,9,584.84,48.73666666666667,0,0.1666666666666666,7.0,0
CUST-001809,Premium,Premium,5,4,5,14,4,24,10578.32,352.61066666666665,0,0.0666666666666666,10.0,0
CUST-001810,Churned,Churned,1,2,2,5,311,6,522.87,52.287,1,0.2,1.0,1
CUST-001811,Churned,Churned,1,2,2,5,145,5,679.47,97.06714285714284,1,0.1428571428571428,4.0,0
CUST-001812,At-Risk,At-Risk,2,5,5,12,88,41,18158.03,342.6043396226415,0,0.1132075471698113,7.0,0
CUST-001813,Churned,Churned,1,2,2,5,333,6,539.75,59.97222222222222,1,0.1111111111111111,4.0,0
CUST-001814,Churned,Churned,1,3,3,7,165,10,1295.33,99.64076923076922,0,0.1538461538461538,6.0,1
CUST-001815,Budget,Budget,3,2,2,7,42,9,757.21,50.48066666666667,0,0.0,6.0,0
CUST-001816,At-Risk,At-Risk,2,3,2,7,88,11,621.39,47.79923076923077,0,0.0,5.0,0
CUST-001817,Premium,Champion,5,4,4,13,1,21,2882.99,110.88423076923075,0,0.0384615384615384,6.0,0
CUST-001818,Premium,Champion,4,5,5,14,20,84,40334.87,344.74247863247865,0,0.1025641025641025,7.0,0
CUST-001819,At-Risk,At-Risk,2,5,4,11,75,31,4401.26,112.85282051282051,0,0.1025641025641025,8.0,0
CUST-001820,Churned,Churned,1,2,3,6,151,9,924.46,92.446,0,0.0,3.0,1
CUST-001821,Loyal,Standard,3,5,5,13,38,41,20319.96,356.49052631578945,0,0.087719298245614,10.0,0
CUST-001822,At-Risk,At-Risk,2,3,4,9,70,15,2522.77,109.68565217391304,0,0.0434782608695652,6.0,0
CUST-001823,Premium,Champion,4,4,4,12,15,17,2784.59,126.57227272727272,0,0.1363636363636363,8.0,0
CUST-001824,Churned,Churned,1,2,2,5,90,7,548.8,54.88,0,0.2,7.0,0
CUST-001825,Churned,Churned,1,4,4,9,117,17,2412.54,89.35333333333334,0,0.037037037037037,3.0,0
CUST-001826,Standard,Standard,3,3,3,9,51,14,1978.69,104.14157894736844,0,0.1052631578947368,8.0,1
CUST-001827,Standard,Standard,4,3,3,10,19,14,2018.18,118.7164705882353,0,0.0588235294117647,6.0,1
CUST-001828,New,New,4,1,2,7,28,4,446.56,89.312,0,0.0,6.0,1
CUST-001829,Budget,Budget,4,4,2,10,20,17,786.27,43.681666666666665,0,0.0555555555555555,8.0,0
CUST-001830,At-Risk,Loyal,2,4,4,10,75,30,4754.99,110.58116279069768,0,0.0697674418604651,8.0,1
CUST-001831,At-Risk,At-Risk,2,3,2,7,71,12,699.77,49.98357142857143,0,0.0,5.0,1
CUST-001832,At-Risk,At-Risk,2,5,5,12,77,71,32516.0,345.9148936170213,0,0.0638297872340425,7.0,0
CUST-001833,At-Risk,Loyal,2,4,4,10,71,17,2634.23,109.75958333333334,0,0.0833333333333333,9.0,1
CUST-001834,Budget,Budget,5,3,2,10,7,11,535.2,44.6,0,0.0833333333333333,6.0,0
CUST-001835,Premium,Champion,4,5,4,13,18,33,4713.28,109.61116279069766,0,0.0232558139534883,8.0,0
CUST-001836,Churned,Churned,1,2,3,6,102,8,930.08,84.55272727272727,0,0.0909090909090909,4.0,0
CUST-001837,Premium,Champion,4,4,4,12,16,26,4087.84,107.57473684210528,0,0.0526315789473684,6.0,1
CUST-001838,Budget,Budget,5,2,2,9,15,8,684.91,42.806875,0,0.1875,8.0,0
CUST-001839,Budget,Budget,3,2,2,7,60,9,654.8199999999999,50.37076923076923,0,0.1538461538461538,8.0,1
CUST-001840,Premium,Champion,5,5,5,15,1,48,27369.11,346.44443037974685,0,0.0632911392405063,10.0,0
CUST-001841,New,New,4,1,1,6,21,3,230.37,76.79,0,0.0,9.0,0
CUST-001842,Loyal,Standard,3,4,4,11,45,17,2506.62,125.331,0,0.05,8.0,0
CUST-001843,Churned,Churned,1,2,1,4,730,5,351.16,58.52666666666666,1,0.0,2.0,0
CUST-001844,Premium,Champion,4,5,5,14,16,74,34118.46,355.400625,0,0.09375,7.0,0
CUST-001845,Premium,Champion,5,5,5,15,13,38,5264.77,112.0163829787234,0,0.0212765957446808,8.0,1
CUST-001846,Premium,Champion,5,4,5,14,1,28,11770.76,326.9655555555556,0,0.0555555555555555,9.0,1
CUST-001847,Churned,Churned,1,2,2,5,307,5,510.7,63.8375,1,0.0,4.0,0
CUST-001848,Standard,Standard,4,3,3,10,34,13,908.7,47.82631578947369,0,0.2105263157894736,7.0,0
CUST-001849,New,New,4,1,2,7,27,4,395.69,49.46125,0,0.25,8.0,0
CUST-001850,Premium,Champion,4,5,5,14,27,106,47347.5,348.1433823529412,0,0.0735294117647058,10.0,1
CUST-001851,Budget,Budget,4,2,2,8,16,4,385.58,77.116,0,0.0,9.0,0
CUST-001852,Loyal,Standard,3,5,5,13,58,37,5398.52,114.86212765957444,0,0.0425531914893617,9.0,0
CUST-001853,Churned,Churned,1,4,3,8,161,23,2195.0,87.8,0,0.04,3.0,0
CUST-001854,At-Risk,At-Risk,2,3,4,9,85,15,2635.57,109.81541666666668,0,0.0833333333333333,9.0,0
CUST-001855,Loyal,Loyal,3,4,4,11,47,19,2859.72,102.13285714285712,0,0.0714285714285714,5.0,1
CUST-001856,Premium,Champion,4,5,5,14,19,103,46758.03,356.93152671755723,0,0.099236641221374,7.0,0
CUST-001857,Budget,Budget,5,2,2,9,1,8,427.28,42.728,0,0.0,6.0,1
CUST-001858,At-Risk,At-Risk,2,3,2,7,85,12,795.44,49.715,0,0.0625,7.0,0
CUST-001859,At-Risk,Loyal,2,5,5,12,74,74,34904.22,363.585625,0,0.0729166666666666,8.0,1
CUST-001860,New,New,4,1,1,6,21,1,123.78,61.89,0,0.0,8.0,0
CUST-001861,Budget,Budget,2,2,1,5,85,5,319.13,53.18833333333333,0,0.1666666666666666,5.0,0
CUST-001862,Budget,Budget,5,2,1,8,5,5,358.67,44.83375,0,0.0,5.0,0
CUST-001863,Loyal,Standard,3,4,4,11,61,26,4145.92,115.16444444444444,0,0.1111111111111111,8.0,0
CUST-001864,Premium,Premium,4,4,4,12,30,16,2346.6,106.66363636363636,0,0.0,5.0,0
CUST-001865,Budget,Budget,4,3,2,9,18,14,679.54,39.97294117647058,0,0.0,7.0,0
CUST-001866,Premium,Champion,4,5,5,14,27,38,5063.95,110.0858695652174,0,0.0434782608695652,5.0,1
CUST-001867,Standard,Standard,4,3,3,10,30,11,1867.83,109.87235294117647,0,0.1176470588235294,7.0,0
CUST-001868,Premium,Champion,4,4,4,12,34,24,2569.45,91.76607142857142,0,0.0357142857142857,3.0,1
CUST-001869,Churned,Churned,1,2,2,5,343,7,542.86,54.286,1,0.2,4.0,0
CUST-001870,Premium,Premium,5,4,4,13,4,17,2358.56,117.928,0,0.05,7.0,0
CUST-001871,Loyal,Loyal,3,4,4,11,60,25,4002.62,121.29151515151516,0,0.1515151515151515,7.0,1
CUST-001872,Budget,Budget,3,3,2,8,61,12,782.31,46.018235294117645,0,0.0588235294117647,5.0,1
CUST-001873,Standard,Standard,3,2,3,8,50,8,1159.47,115.947,0,0.1,7.0,0
CUST-001874,Loyal,Standard,3,5,5,13,58,102,44690.04,349.1409375,0,0.0625,10.0,0
CUST-001875,Loyal,Standard,3,4,4,11,46,17,2929.38,112.66846153846154,0,0.1153846153846153,5.0,0
CUST-001876,Budget,Budget,4,2,2,8,19,4,367.66,73.532,0,0.0,9.0,0
CUST-001877,Budget,Budget,4,2,1,7,24,4,313.93,78.4825,0,0.0,6.0,1
CUST-001878,At-Risk,At-Risk,2,5,5,12,64,38,15680.45,333.62659574468086,0,0.0212765957446808,7.0,0
CUST-001879,At-Risk,At-Risk,2,5,5,12,78,36,5447.53,111.17408163265306,0,0.1020408163265306,8.0,0
CUST-001880,At-Risk,At-Risk,2,2,3,7,88,8,1324.99,132.499,0,0.0,8.0,0
CUST-001881,Budget,Budget,5,2,2,9,15,5,369.56,73.912,0,0.0,5.0,0
CUST-001882,At-Risk,At-Risk,2,5,5,12,81,48,20887.02,336.8874193548387,0,0.064516129032258,10.0,0
CUST-001883,Loyal,Loyal,3,5,5,13,50,101,50592.28,346.5224657534246,0,0.0890410958904109,9.0,1
CUST-001884,New,New,4,1,1,6,30,2,351.8,87.95,0,0.0,8.0,0
CUST-001885,At-Risk,At-Risk,2,5,4,11,67,30,4360.72,103.82666666666668,0,0.0238095238095238,5.0,0
CUST-001886,New,New,4,1,1,6,21,3,348.07,69.614,0,0.4,6.0,0
CUST-001887,Premium,Premium,5,5,5,15,6,40,5725.82,116.8534693877551,0,0.0408163265306122,7.0,1
CUST-001888,Premium,Champion,4,5,5,14,34,52,24950.18,383.8489230769231,0,0.0461538461538461,7.0,1
CUST-001889,Premium,Premium,5,4,4,13,8,28,3525.07,106.82030303030304,0,0.0606060606060606,9.0,1
CUST-001890,New,New,4,1,1,6,17,2,292.24,97.41333333333334,0,0.0,8.0,1
CUST-001891,Churned,Churned,1,2,2,5,123,8,739.67,92.45875,1,0.0,5.0,1
CUST-001892,Churned,Churned,1,2,2,5,154,4,381.9,76.38,0,0.0,5.0,0
CUST-001893,Standard,Standard,3,3,4,10,55,15,3551.17,118.37233333333332,0,0.1333333333333333,9.0,0
CUST-001894,New,New,5,1,1,7,1,1,92.2,92.2,0,0.0,9.0,1
CUST-001895,At-Risk,Loyal,2,5,4,11,87,32,4256.95,109.1525641025641,0,0.0,7.0,1
CUST-001896,At-Risk,At-Risk,2,5,4,11,78,35,4463.46,103.8013953488372,0,0.0930232558139534,7.0,0
CUST-001897,Standard,Standard,5,3,3,11,0,11,1049.03,87.41916666666667,0,0.0,6.0,0
CUST-001898,Loyal,Standard,3,4,5,12,60,21,10538.26,363.38827586206895,0,0.1034482758620689,10.0,0
CUST-001899,At-Risk,At-Risk,2,5,5,12,72,63,31373.18,360.6112643678161,0,0.0689655172413793,8.0,0
CUST-001900,Standard,Standard,5,2,3,10,5,9,1515.33,116.56384615384614,0,0.0769230769230769,8.0,0
CUST-001901,At-Risk,Loyal,2,5,5,12,68,85,38915.99,350.59450450450447,0,0.072072072072072,10.0,1
CUST-001902,At-Risk,At-Risk,2,5,5,12,69,37,5783.47,118.03,0,0.1224489795918367,6.0,0
CUST-001903,Budget,Budget,5,3,2,10,2,10,577.8,48.15,0,0.0833333333333333,6.0,0
CUST-001904,Loyal,Loyal,3,5,4,12,52,30,4949.42,115.10279069767442,0,0.1162790697674418,9.0,1
CUST-001905,Churned,Churned,1,3,3,7,97,12,1579.55,92.91470588235292,0,0.1176470588235294,4.0,0
CUST-001906,Churned,Churned,1,4,4,9,156,20,2695.16,92.93655172413791,1,0.1379310344827586,5.0,0
CUST-001907,Loyal,Standard,4,4,3,11,17,17,2066.5,103.325,0,0.0,9.0,0
CUST-001908,Loyal,Loyal,3,4,4,11,46,16,2779.24,126.3290909090909,0,0.0454545454545454,7.0,1
CUST-001909,Premium,Premium,5,4,4,13,0,19,2981.57,110.4285185185185,0,0.1481481481481481,7.0,0
CUST-001910,Budget,Budget,2,1,1,4,88,2,347.63,38.62555555555556,0,0.2222222222222222,6.0,0
CUST-001911,Loyal,Standard,4,4,3,11,23,17,2093.57,116.30944444444444,0,0.0,9.0,0
CUST-001912,Churned,Churned,1,3,2,6,89,15,782.13,46.00764705882353,0,0.0,6.0,0
CUST-001913,Loyal,Standard,3,4,4,11,51,28,3744.51,110.13264705882354,0,0.0294117647058823,5.0,0
CUST-001914,Budget,Budget,3,3,2,8,40,11,574.85,44.21923076923077,0,0.0,6.0,0
CUST-001915,At-Risk,At-Risk,2,5,4,11,75,31,4651.28,110.7447619047619,0,0.0952380952380952,5.0,0
CUST-001916,Premium,Champion,4,5,5,14,20,39,5699.84,113.9968,0,0.08,5.0,0
CUST-001917,Churned,Churned,1,2,2,5,556,6,376.75,53.82142857142857,1,0.0,5.0,1
CUST-001918,New,New,5,1,1,7,7,2,169.14,84.57,0,0.0,5.0,0
CUST-001919,At-Risk,Loyal,2,5,5,12,85,45,20204.08,342.4420338983051,0,0.0677966101694915,8.0,1
CUST-001920,Churned,Churned,1,3,3,7,137,15,1661.76,97.75058823529412,0,0.0588235294117647,6.0,0
CUST-001921,Budget,Budget,3,3,2,8,45,14,767.45,42.63611111111111,0,0.0555555555555555,5.0,0
CUST-001922,Standard,Standard,5,2,3,10,0,9,904.61,90.461,0,0.0,4.0,0
CUST-001923,New,New,5,1,1,7,9,2,226.6,75.53333333333333,0,0.0,5.0,0
CUST-001924,Premium,Champion,4,5,5,14,30,39,5387.92,109.95755102040816,0,0.0408163265306122,9.0,0
CUST-001925,Premium,Champion,4,5,5,14,18,76,38669.35,358.049537037037,0,0.0462962962962962,7.0,0
CUST-001926,Loyal,Standard,3,5,5,13,48,34,5136.17,116.73113636363637,0,0.0681818181818181,9.0,0
CUST-001927,Budget,Budget,5,3,2,10,8,12,643.95,45.996428571428574,0,0.0714285714285714,7.0,0
CUST-001928,Budget,Budget,4,2,2,8,22,9,535.45,44.62083333333334,0,0.0,5.0,0
CUST-001929,Standard,Standard,3,3,3,9,45,13,1786.56,119.104,0,0.0666666666666666,6.0,1
CUST-001930,Loyal,Standard,3,5,5,13,48,34,17012.329999999998,354.4235416666666,0,0.0833333333333333,10.0,0
CUST-001931,Churned,Churned,1,2,2,5,143,6,628.86,78.6075,0,0.25,4.0,0
CUST-001932,Churned,Churned,1,2,2,5,272,9,547.8199999999999,54.782,1,0.0,5.0,0
CUST-001933,Standard,Standard,5,3,3,11,5,15,915.6,45.78,0,0.1,8.0,0
CUST-001934,At-Risk,At-Risk,2,4,4,10,88,24,4119.35,108.40394736842106,0,0.1052631578947368,7.0,0
CUST-001935,Premium,Champion,5,5,4,14,4,35,4500.14,109.75951219512196,0,0.024390243902439,7.0,0
CUST-001936,At-Risk,Loyal,2,5,5,12,68,38,17030.76,362.3565957446808,0,0.0638297872340425,10.0,1
CUST-001937,Churned,Churned,1,2,2,5,104,4,749.13,107.01857142857143,0,0.1428571428571428,3.0,0
CUST-001938,Premium,Champion,5,5,5,15,12,30,15018.28,349.2623255813954,0,0.0930232558139534,8.0,0
CUST-001939,Budget,Budget,3,2,1,6,40,6,344.02,43.0025,0,0.125,7.0,0
CUST-001940,Standard,Standard,5,2,3,10,0,6,812.04,101.505,0,0.0,5.0,0
CUST-001941,Budget,Budget,5,2,2,9,5,7,433.03,54.12875,0,0.125,7.0,1
CUST-001942,New,New,4,1,1,6,23,1,147.56,73.78,0,0.0,5.0,0
CUST-001943,Churned,Churned,1,3,3,7,164,11,2022.66,91.93909090909092,0,0.1363636363636363,6.0,0
CUST-001944,Churned,Churned,1,5,5,11,90,38,5264.39,112.00829787234044,0,0.1063829787234042,8.0,0
CUST-001945,Premium,Champion,4,4,5,13,21,16,8302.88,319.34153846153845,0,0.1153846153846153,9.0,1
CUST-001946,At-Risk,Loyal,2,5,5,12,76,46,20747.75,363.9956140350877,0,0.1052631578947368,10.0,1
CUST-001947,Churned,Churned,1,1,2,4,103,3,717.74,102.53428571428572,0,0.1428571428571428,5.0,1
CUST-001948,Churned,Churned,1,2,2,5,180,6,734.83,91.85375,1,0.0,6.0,0
CUST-001949,Budget,Budget,3,3,2,8,56,10,609.27,46.86692307692307,0,0.0,8.0,1
CUST-001950,Standard,Standard,4,3,3,10,27,15,854.74,44.986315789473686,0,0.0,5.0,0
CUST-001951,New,New,5,1,1,7,3,2,222.08,74.02666666666666,0,0.0,9.0,1
CUST-001952,Standard,Standard,3,3,3,9,58,13,2116.39,100.78047619047618,0,0.1428571428571428,9.0,0
CUST-001953,Churned,Churned,1,3,3,7,140,13,1795.93,99.77388888888888,1,0.1666666666666666,6.0,0
CUST-001954,Standard,Standard,4,3,4,11,27,15,2639.09,105.5636,0,0.0,9.0,0
CUST-001955,Standard,Standard,3,3,4,10,36,12,2411.74,114.8447619047619,0,0.1904761904761904,9.0,0
CUST-001956,At-Risk,Loyal,2,4,3,9,75,16,912.18,48.009473684210526,0,0.0526315789473684,6.0,1
CUST-001957,Premium,Champion,4,5,5,14,20,83,43160.27,359.66891666666663,0,0.05,7.0,1
CUST-001958,Standard,Standard,4,2,3,9,28,9,1047.16,104.71599999999998,0,0.0,6.0,0
CUST-001959,Budget,Budget,4,2,1,7,21,4,345.23,86.3075,0,0.0,7.0,0
CUST-001960,At-Risk,At-Risk,2,5,5,12,84,84,40847.87,349.12709401709407,0,0.0512820512820512,8.0,0
CUST-001961,Budget,Budget,3,2,2,7,39,9,604.26,43.16142857142857,0,0.1428571428571428,6.0,0
CUST-001962,Standard,Standard,5,3,3,11,1,13,2015.68,118.56941176470588,0,0.1176470588235294,5.0,0
CUST-001963,Loyal,Loyal,3,4,4,11,39,20,3770.87,104.74638888888887,0,0.1388888888888889,7.0,1
CUST-001964,Loyal,Loyal,3,4,4,11,38,17,2728.74,109.1496,0,0.08,7.0,1
CUST-001965,At-Risk,At-Risk,2,2,3,7,79,9,1369.74,124.52181818181818,0,0.0909090909090909,8.0,1
CUST-001966,New,New,5,1,1,7,14,3,227.58,75.86,0,0.0,7.0,1
CUST-001967,At-Risk,At-Risk,2,5,5,12,71,36,5259.29,119.52931818181818,0,0.0909090909090909,5.0,0
CUST-001968,At-Risk,At-Risk,2,3,3,8,68,14,847.72,47.09555555555556,0,0.0555555555555555,5.0,0
CUST-001969,Budget,Budget,2,1,1,4,70,2,138.66,46.22,0,0.0,6.0,0
CUST-001970,New,New,4,1,1,6,24,1,53.32,53.32,0,0.0,5.0,0
CUST-001971,Churned,Churned,1,2,2,5,359,9,552.28,61.364444444444445,1,0.0,2.0,0
CUST-001972,Budget,Budget,4,2,1,7,29,5,355.23,71.04599999999999,0,0.0,8.0,0
CUST-001973,Standard,Standard,3,3,3,9,58,15,1968.18,98.409,0,0.0,5.0,0
CUST-001974,Premium,Champion,4,4,5,13,16,28,10331.28,333.2670967741936,0,0.032258064516129,9.0,0
CUST-001975,Premium,Premium,5,4,4,13,15,28,4300.54,113.17210526315787,0,0.0789473684210526,5.0,1
CUST-001976,Budget,Budget,2,2,2,6,68,7,432.67,48.074444444444445,0,0.0,5.0,1
CUST-001977,At-Risk,Loyal,2,5,5,12,76,34,16001.18,363.6631818181818,0,0.0454545454545454,8.0,1
CUST-001978,Churned,Churned,1,2,1,4,89,4,246.01,49.202,0,0.0,5.0,1
CUST-001979,Budget,Budget,2,2,2,6,87,9,571.0,47.583333333333336,0,0.1666666666666666,5.0,1
CUST-001980,Standard,Standard,3,3,4,10,54,15,2523.81,109.7308695652174,0,0.0869565217391304,5.0,1
CUST-001981,New,New,4,1,1,6,30,2,297.06,74.265,0,0.25,8.0,0
CUST-001982,Loyal,Loyal,3,5,5,13,44,45,20860.56,353.56881355932205,0,0.1186440677966101,8.0,1
CUST-001983,Loyal,Loyal,3,5,5,13,57,46,20917.33,348.62216666666666,0,0.0666666666666666,10.0,1
CUST-001984,New,New,5,1,1,7,9,1,60.33,60.33,0,0.0,8.0,1
CUST-001985,Budget,Budget,3,3,2,8,56,13,660.78,41.29875,0,0.0,7.0,0
CUST-001986,New,New,5,1,1,7,9,1,140.85,70.425,0,0.0,9.0,0
CUST-001987,Loyal,Loyal,3,5,5,13,56,38,5649.87,115.3034693877551,0,0.1020408163265306,9.0,1
CUST-001988,Loyal,Standard,3,4,4,11,45,26,3782.14,105.05944444444444,0,0.0555555555555555,6.0,0
CUST-001989,Churned,Churned,1,4,4,9,105,26,2868.49,95.61633333333334,1,0.1,3.0,0
CUST-001990,Budget,Budget,5,2,1,8,5,4,292.8,73.2,0,0.0,6.0,0
CUST-001991,New,New,5,1,1,7,10,1,229.57,76.52333333333333,0,0.0,7.0,0
CUST-001992,Churned,Churned,1,3,3,7,90,15,2126.26,111.9084210526316,0,0.1578947368421052,5.0,0
CUST-001993,At-Risk,At-Risk,2,2,3,7,87,9,821.8,48.34117647058823,0,0.1764705882352941,7.0,1
CUST-001994,At-Risk,At-Risk,2,5,4,11,87,30,4769.01,110.90720930232558,0,0.1162790697674418,8.0,0
CUST-001995,Premium,Champion,5,5,5,15,10,95,48479.35,353.86386861313866,0,0.0802919708029197,8.0,0
CUST-001996,Churned,Churned,1,3,3,7,130,15,1887.7,99.35263157894737,1,0.1052631578947368,4.0,0
CUST-001997,Premium,Premium,4,5,5,14,34,91,40112.04,354.97380530973453,0,0.0619469026548672,7.0,1
CUST-001998,Churned,Churned,1,1,1,3,243,1,113.07,56.535,1,0.0,4.0,0
CUST-001999,At-Risk,At-Risk,2,4,4,10,81,16,2435.32,110.69636363636364,0,0.0909090909090909,8.0,0
